-- MySQL dump 10.13  Distrib 8.0.38, for Win64 (x86_64)
--
-- Host: localhost    Database: for_office
-- ------------------------------------------------------
-- Server version	9.0.0

/*!40101 SET @OLD_CHARACTER_SET_CLIENT=@@CHARACTER_SET_CLIENT */;
/*!40101 SET @OLD_CHARACTER_SET_RESULTS=@@CHARACTER_SET_RESULTS */;
/*!40101 SET @OLD_COLLATION_CONNECTION=@@COLLATION_CONNECTION */;
/*!50503 SET NAMES utf8 */;
/*!40103 SET @OLD_TIME_ZONE=@@TIME_ZONE */;
/*!40103 SET TIME_ZONE='+00:00' */;
/*!40014 SET @OLD_UNIQUE_CHECKS=@@UNIQUE_CHECKS, UNIQUE_CHECKS=0 */;
/*!40014 SET @OLD_FOREIGN_KEY_CHECKS=@@FOREIGN_KEY_CHECKS, FOREIGN_KEY_CHECKS=0 */;
/*!40101 SET @OLD_SQL_MODE=@@SQL_MODE, SQL_MODE='NO_AUTO_VALUE_ON_ZERO' */;
/*!40111 SET @OLD_SQL_NOTES=@@SQL_NOTES, SQL_NOTES=0 */;

--
-- Table structure for table `admin_roles`
--

DROP TABLE IF EXISTS `admin_roles`;
/*!40101 SET @saved_cs_client     = @@character_set_client */;
/*!50503 SET character_set_client = utf8mb4 */;
CREATE TABLE `admin_roles` (
  `S_NO` int NOT NULL AUTO_INCREMENT,
  `admin_id` int DEFAULT NULL,
  `user_viewOnly` tinyint(1) DEFAULT NULL,
  `user_write` tinyint(1) DEFAULT NULL,
  `admin_viewOnly` tinyint(1) DEFAULT NULL,
  `store_manager` tinyint(1) DEFAULT NULL,
  `store_isseuer` tinyint(1) DEFAULT NULL,
  `store_genrate` tinyint(1) DEFAULT NULL,
  `user_write_start_date` date DEFAULT NULL,
  `user_write_end_date` date DEFAULT NULL,
  `admin_write` tinyint(1) DEFAULT NULL,
  `user_view_start_date` date DEFAULT NULL,
  `user_view_end_date` date DEFAULT NULL,
  `admin_write_start_date` date DEFAULT NULL,
  `admin_write_end_date` date DEFAULT NULL,
  `store_manager_endDate` date DEFAULT NULL,
  `admin_view_start_date` date DEFAULT NULL,
  `admin_view_end_date` date DEFAULT NULL,
  `store_manager_startdate` date DEFAULT NULL,
  `store_issuer_startDate` date DEFAULT NULL,
  `store_issuer_endDate` date DEFAULT NULL,
  `store_genrate_startDate` date DEFAULT NULL,
  `store_genrate_endDate` date DEFAULT NULL,
  PRIMARY KEY (`S_NO`),
  UNIQUE KEY `admin_id_UNIQUE` (`admin_id`)
) ENGINE=InnoDB AUTO_INCREMENT=11 DEFAULT CHARSET=utf8mb4 COLLATE=utf8mb4_0900_ai_ci;
/*!40101 SET character_set_client = @saved_cs_client */;

--
-- Dumping data for table `admin_roles`
--

LOCK TABLES `admin_roles` WRITE;
/*!40000 ALTER TABLE `admin_roles` DISABLE KEYS */;
INSERT INTO `admin_roles` VALUES (1,1,1,0,0,0,0,0,'2000-01-01','2000-01-01',1,'2000-01-01','2000-01-01','2000-01-01','2000-01-01',NULL,'2000-01-01','2000-01-01',NULL,NULL,NULL,NULL,NULL),(2,5,0,0,0,0,0,0,'2000-01-01','2000-01-01',0,'2000-01-01','2000-01-01','2000-01-01','2000-01-01',NULL,'2000-01-01','2000-01-01',NULL,NULL,NULL,NULL,NULL),(3,6,1,0,0,NULL,NULL,NULL,'2000-01-11','2000-01-01',1,'2000-01-01','2000-01-01','2000-01-01','2000-01-01',NULL,'2000-01-01','2000-01-01',NULL,NULL,NULL,NULL,NULL),(4,2,0,0,0,0,0,0,'2000-01-01','2000-01-01',0,'2000-01-01','2000-01-01','2000-01-01','2000-01-01',NULL,'2000-01-01','2000-01-01',NULL,NULL,NULL,NULL,NULL),(5,4,1,0,1,NULL,NULL,NULL,'2023-10-11','2000-01-13',1,'2000-01-01','2000-01-01','2000-01-01','2000-01-01',NULL,'2000-01-01','2000-01-01',NULL,NULL,NULL,NULL,NULL),(6,3,1,0,1,NULL,NULL,NULL,'2000-01-01','2000-01-01',1,'2000-01-01','2000-01-01','2000-01-01','2000-01-01',NULL,'2000-01-01','2000-01-01',NULL,NULL,NULL,NULL,NULL),(7,100,NULL,NULL,NULL,NULL,NULL,NULL,NULL,NULL,NULL,NULL,NULL,NULL,NULL,NULL,NULL,NULL,NULL,NULL,NULL,NULL,NULL),(8,17,NULL,NULL,NULL,NULL,NULL,NULL,NULL,NULL,NULL,NULL,NULL,NULL,NULL,NULL,NULL,NULL,NULL,NULL,NULL,NULL,NULL),(9,18,NULL,NULL,NULL,NULL,NULL,NULL,NULL,NULL,NULL,NULL,NULL,NULL,NULL,NULL,NULL,NULL,NULL,NULL,NULL,NULL,NULL),(10,19,NULL,NULL,NULL,NULL,NULL,NULL,NULL,NULL,NULL,NULL,NULL,NULL,NULL,NULL,NULL,NULL,NULL,NULL,NULL,NULL,NULL);
/*!40000 ALTER TABLE `admin_roles` ENABLE KEYS */;
UNLOCK TABLES;

--
-- Table structure for table `bom_hedar_detail`
--

DROP TABLE IF EXISTS `bom_hedar_detail`;
/*!40101 SET @saved_cs_client     = @@character_set_client */;
/*!50503 SET character_set_client = utf8mb4 */;
CREATE TABLE `bom_hedar_detail` (
  `header_id` int NOT NULL AUTO_INCREMENT,
  `item_code` int NOT NULL,
  `item_name` varchar(45) DEFAULT NULL,
  `version` varchar(45) DEFAULT NULL,
  `percentage` int DEFAULT NULL,
  `wharehouse_` varchar(45) DEFAULT NULL,
  `created_by` varchar(45) DEFAULT NULL,
  `created_date` date DEFAULT NULL,
  `updated_by` varchar(45) DEFAULT NULL,
  `updated_date` date DEFAULT NULL,
  PRIMARY KEY (`header_id`)
) ENGINE=InnoDB AUTO_INCREMENT=12 DEFAULT CHARSET=utf8mb4 COLLATE=utf8mb4_0900_ai_ci;
/*!40101 SET character_set_client = @saved_cs_client */;

--
-- Dumping data for table `bom_hedar_detail`
--

LOCK TABLES `bom_hedar_detail` WRITE;
/*!40000 ALTER TABLE `bom_hedar_detail` DISABLE KEYS */;
INSERT INTO `bom_hedar_detail` VALUES (1,123,'manish','v1',100,'delhi',NULL,NULL,NULL,NULL),(2,123,'manish','v1',100,'delhi','SYSTEM','2024-07-31','SYSTEM','2024-07-31'),(3,7676,'example','v1',100,'GURGAO','SYSTEM','2024-07-31','SYSTEM','2024-07-31'),(4,7676,'example','v1',100,'GURGAO','SYSTEM','2024-07-31','SYSTEM','2024-07-31'),(5,7676,'example','v1',100,'GURGAO','SYSTEM','2024-07-31','SYSTEM','2024-07-31'),(6,123,'abcitem1','v1',100,'delhi','SYSTEM','2024-08-01','SYSTEM','2024-08-01'),(7,390,'example2','v1',100,'noida','SYSTEM','2024-08-01','SYSTEM','2024-08-01'),(8,390,'example2','v1',100,'noida','SYSTEM','2024-08-01','SYSTEM','2024-08-01'),(9,99,'example3','v1',100,'okhla','SYSTEM','2024-08-01','SYSTEM','2024-08-01'),(10,1,'examle3','v1',1000,'delhi','SYSTEM','2024-08-01','SYSTEM','2024-08-01'),(11,991,'example','v1',100,'delhi','SYSTEM','2024-08-01','SYSTEM','2024-08-01');
/*!40000 ALTER TABLE `bom_hedar_detail` ENABLE KEYS */;
UNLOCK TABLES;

--
-- Table structure for table `bom_line_detail`
--

DROP TABLE IF EXISTS `bom_line_detail`;
/*!40101 SET @saved_cs_client     = @@character_set_client */;
/*!50503 SET character_set_client = utf8mb4 */;
CREATE TABLE `bom_line_detail` (
  `header_id` int NOT NULL,
  `item_code` int DEFAULT NULL,
  `item_name` varchar(45) DEFAULT NULL,
  `quantity` int DEFAULT NULL,
  `price` int DEFAULT NULL,
  `total` int DEFAULT NULL,
  `created_by` varchar(45) DEFAULT NULL,
  `created_date` date DEFAULT NULL,
  `updated_by` varchar(45) DEFAULT NULL,
  `updated_date` date DEFAULT NULL,
  PRIMARY KEY (`header_id`)
) ENGINE=InnoDB DEFAULT CHARSET=utf8mb4 COLLATE=utf8mb4_0900_ai_ci;
/*!40101 SET character_set_client = @saved_cs_client */;

--
-- Dumping data for table `bom_line_detail`
--

LOCK TABLES `bom_line_detail` WRITE;
/*!40000 ALTER TABLE `bom_line_detail` DISABLE KEYS */;
INSERT INTO `bom_line_detail` VALUES (5,NULL,NULL,NULL,NULL,NULL,'SYSTEM','2024-07-31','SYSTEM','2024-07-31'),(6,NULL,NULL,NULL,NULL,NULL,'SYSTEM','2024-08-01','SYSTEM','2024-08-01'),(7,NULL,NULL,NULL,NULL,NULL,'SYSTEM','2024-08-01','SYSTEM','2024-08-01'),(8,NULL,NULL,NULL,NULL,NULL,'SYSTEM','2024-08-01','SYSTEM','2024-08-01'),(9,NULL,NULL,NULL,NULL,NULL,'SYSTEM','2024-08-01','SYSTEM','2024-08-01'),(10,NULL,NULL,NULL,NULL,NULL,'SYSTEM','2024-08-01','SYSTEM','2024-08-01'),(11,NULL,NULL,NULL,NULL,NULL,'SYSTEM','2024-08-01','SYSTEM','2024-08-01');
/*!40000 ALTER TABLE `bom_line_detail` ENABLE KEYS */;
UNLOCK TABLES;

--
-- Table structure for table `company_banking_details`
--

DROP TABLE IF EXISTS `company_banking_details`;
/*!40101 SET @saved_cs_client     = @@character_set_client */;
/*!50503 SET character_set_client = utf8mb4 */;
CREATE TABLE `company_banking_details` (
  `account_id` int unsigned NOT NULL AUTO_INCREMENT,
  `main_company_id` int NOT NULL,
  `sub_company_id` int NOT NULL,
  `bank_name` varchar(45) NOT NULL,
  `bank_account_number` int NOT NULL,
  `bank_ifsc_code` varchar(45) NOT NULL,
  `bank_branch_name` varchar(45) NOT NULL,
  PRIMARY KEY (`account_id`),
  UNIQUE KEY `account_id_UNIQUE` (`account_id`)
) ENGINE=InnoDB AUTO_INCREMENT=28 DEFAULT CHARSET=utf8mb4 COLLATE=utf8mb4_0900_ai_ci;
/*!40101 SET character_set_client = @saved_cs_client */;

--
-- Dumping data for table `company_banking_details`
--

LOCK TABLES `company_banking_details` WRITE;
/*!40000 ALTER TABLE `company_banking_details` DISABLE KEYS */;
INSERT INTO `company_banking_details` VALUES (1,1,0,'hdfc',84930,'NDEJD993D','sagar pur'),(2,1,1,'yes bank',73829,'NUID78','Palam'),(3,1,2,'capital one',47384,'HD8UEH78','janak puri'),(4,1,3,'chase bank',98998,'9JRJ49I','PALAM'),(5,2,4,'karnataka bank',34343,'SJIE390E','UTTAM NAGAR'),(6,2,5,'hdfc',3434984,'JDWIDJ990','Noida'),(7,2,0,'sbi',90850,'JFM4IIJ4','Sadh nagar'),(15,10,0,'HDFC',7878,'NDIOWJ90','sagar pr'),(16,11,0,'SBI',8768,'SDHSDH898','SAGAR PUR'),(17,11,6,'fake bank',67888,'JSJS8900','palam'),(18,12,0,'yes bank',7392,'ABC33','JANAK PURI'),(19,12,8,'yes',7392,'ABC33','JANAK'),(20,12,9,'yes',7392,'ABC33','JANAK'),(21,12,10,'yes',7392,'ABC33','JANAK'),(22,13,0,'hdfc bank',732898,'BCA123','Gurgao'),(23,13,11,'hdfc',732898,'BCA123','Gurgao'),(24,13,12,'hdfc',732898,'BCA123','Gurgao'),(25,14,0,'HDFSC',67887,'ABC123','Gurago'),(26,14,13,'HDFSC',67887,'ABC123','Gurago'),(27,14,14,'HDFSC',67887,'ABC123','Gurago');
/*!40000 ALTER TABLE `company_banking_details` ENABLE KEYS */;
UNLOCK TABLES;

--
-- Table structure for table `company_header_level_details`
--

DROP TABLE IF EXISTS `company_header_level_details`;
/*!40101 SET @saved_cs_client     = @@character_set_client */;
/*!50503 SET character_set_client = utf8mb4 */;
CREATE TABLE `company_header_level_details` (
  `company_id` int NOT NULL AUTO_INCREMENT,
  `name_of_company` varchar(45) NOT NULL,
  `company_address` varchar(45) NOT NULL,
  `company_pan_card` varchar(45) DEFAULT NULL,
  `company_email` varchar(45) DEFAULT NULL,
  PRIMARY KEY (`company_id`),
  UNIQUE KEY `company_id_UNIQUE` (`company_id`)
) ENGINE=InnoDB AUTO_INCREMENT=15 DEFAULT CHARSET=utf8mb4 COLLATE=utf8mb4_0900_ai_ci;
/*!40101 SET character_set_client = @saved_cs_client */;

--
-- Dumping data for table `company_header_level_details`
--

LOCK TABLES `company_header_level_details` WRITE;
/*!40000 ALTER TABLE `company_header_level_details` DISABLE KEYS */;
INSERT INTO `company_header_level_details` VALUES (1,'desire pvt ltd','palam',NULL,NULL),(2,'dams','okhla',NULL,NULL),(6,'manish','djfwi',NULL,NULL),(8,'example comonay','jaipur',NULL,NULL),(9,'one','delhi',NULL,NULL),(10,'abc','delhi',NULL,NULL),(11,'another','okhla',NULL,NULL),(12,'shoes pvt ltd','bahadur garh',NULL,NULL),(13,'puma pvt ltd','gurgapo',NULL,NULL),(14,'zara  ','gurgao',NULL,NULL);
/*!40000 ALTER TABLE `company_header_level_details` ENABLE KEYS */;
UNLOCK TABLES;

--
-- Table structure for table `customer_line_label_details`
--

DROP TABLE IF EXISTS `customer_line_label_details`;
/*!40101 SET @saved_cs_client     = @@character_set_client */;
/*!50503 SET character_set_client = utf8mb4 */;
CREATE TABLE `customer_line_label_details` (
  `sub_company_id` int NOT NULL AUTO_INCREMENT,
  `main_company_id` int NOT NULL,
  `company_address` varchar(45) NOT NULL,
  `companny_name` varchar(45) NOT NULL,
  `category` varchar(45) NOT NULL,
  `GST_number` varchar(45) DEFAULT NULL,
  `company_email` varchar(45) DEFAULT NULL,
  PRIMARY KEY (`sub_company_id`),
  UNIQUE KEY `sub_company_id_UNIQUE` (`sub_company_id`)
) ENGINE=InnoDB AUTO_INCREMENT=15 DEFAULT CHARSET=utf8mb4 COLLATE=utf8mb4_0900_ai_ci;
/*!40101 SET character_set_client = @saved_cs_client */;

--
-- Dumping data for table `customer_line_label_details`
--

LOCK TABLES `customer_line_label_details` WRITE;
/*!40000 ALTER TABLE `customer_line_label_details` DISABLE KEYS */;
INSERT INTO `customer_line_label_details` VALUES (8,12,'jaipur','shoes pvt ltd','printer',NULL,NULL),(9,12,'okhla','shoes pvt ltd','printer',NULL,NULL),(10,12,'gurgao','shoes pvt ltd','cooler',NULL,NULL),(11,13,'okhla','puma pvt ltd','shoes',NULL,NULL),(12,13,'noida','puma pvt ltd','thirt',NULL,NULL),(13,14,'noida','zara  ','tshirt',NULL,NULL),(14,14,'okhla','zara  ','jeans',NULL,NULL);
/*!40000 ALTER TABLE `customer_line_label_details` ENABLE KEYS */;
UNLOCK TABLES;

--
-- Table structure for table `drop_lookup_info_category_header`
--

DROP TABLE IF EXISTS `drop_lookup_info_category_header`;
/*!40101 SET @saved_cs_client     = @@character_set_client */;
/*!50503 SET character_set_client = utf8mb4 */;
CREATE TABLE `drop_lookup_info_category_header` (
  `header_id` int NOT NULL AUTO_INCREMENT,
  `name` varchar(45) NOT NULL,
  PRIMARY KEY (`header_id`)
) ENGINE=InnoDB AUTO_INCREMENT=4 DEFAULT CHARSET=utf8mb4 COLLATE=utf8mb4_0900_ai_ci;
/*!40101 SET character_set_client = @saved_cs_client */;

--
-- Dumping data for table `drop_lookup_info_category_header`
--

LOCK TABLES `drop_lookup_info_category_header` WRITE;
/*!40000 ALTER TABLE `drop_lookup_info_category_header` DISABLE KEYS */;
INSERT INTO `drop_lookup_info_category_header` VALUES (1,'department'),(2,'Requisition_Type'),(3,'Category');
/*!40000 ALTER TABLE `drop_lookup_info_category_header` ENABLE KEYS */;
UNLOCK TABLES;

--
-- Table structure for table `drop_lookup_info_category_line`
--

DROP TABLE IF EXISTS `drop_lookup_info_category_line`;
/*!40101 SET @saved_cs_client     = @@character_set_client */;
/*!50503 SET character_set_client = utf8mb4 */;
CREATE TABLE `drop_lookup_info_category_line` (
  `line_id` int NOT NULL AUTO_INCREMENT,
  `header_id` int NOT NULL,
  `sub_line_name` varchar(100) NOT NULL,
  `discription` varchar(100) DEFAULT NULL,
  `start_date` date DEFAULT NULL,
  `end_date` date DEFAULT NULL,
  PRIMARY KEY (`line_id`)
) ENGINE=InnoDB AUTO_INCREMENT=11 DEFAULT CHARSET=utf8mb4 COLLATE=utf8mb4_0900_ai_ci;
/*!40101 SET character_set_client = @saved_cs_client */;

--
-- Dumping data for table `drop_lookup_info_category_line`
--

LOCK TABLES `drop_lookup_info_category_line` WRITE;
/*!40000 ALTER TABLE `drop_lookup_info_category_line` DISABLE KEYS */;
INSERT INTO `drop_lookup_info_category_line` VALUES (1,1,'HR','hr department','2024-08-02','2024-08-10'),(2,1,'Legal','legal department','2024-08-02','2024-08-10'),(3,1,'FInance','finance department','2024-08-02','2024-08-10'),(4,2,'IR','Inetrnal Requisition',NULL,NULL),(5,2,'PR','Purchase Requisition',NULL,NULL),(6,3,'RAW','RAW',NULL,NULL),(7,3,'FG','Finish Good',NULL,NULL),(8,3,'ACC','Accessories',NULL,NULL),(9,3,'CHAN','Chandler',NULL,NULL),(10,3,'Light','Light',NULL,NULL);
/*!40000 ALTER TABLE `drop_lookup_info_category_line` ENABLE KEYS */;
UNLOCK TABLES;

--
-- Table structure for table `electrical_catinfo`
--

DROP TABLE IF EXISTS `electrical_catinfo`;
/*!40101 SET @saved_cs_client     = @@character_set_client */;
/*!50503 SET character_set_client = utf8mb4 */;
CREATE TABLE `electrical_catinfo` (
  `S.No` int NOT NULL AUTO_INCREMENT,
  `category_name` varchar(45) DEFAULT NULL,
  `sub_category` varchar(45) DEFAULT NULL,
  `Item_code` varchar(300) DEFAULT NULL,
  `short_description` varchar(45) DEFAULT NULL,
  `Size` varchar(45) DEFAULT NULL,
  `Watt` varchar(45) DEFAULT NULL,
  `Colour` varchar(45) DEFAULT NULL,
  `Shape` varchar(45) DEFAULT NULL,
  `Brand` varchar(45) DEFAULT NULL,
  `Light_output_Colour` varchar(50) DEFAULT NULL,
  `Vendor` varchar(45) DEFAULT NULL,
  `Description` varchar(45) DEFAULT NULL,
  `Price` varchar(45) DEFAULT NULL,
  `Length` varchar(45) DEFAULT NULL,
  `Material` varchar(45) DEFAULT NULL,
  `WireType` varchar(45) DEFAULT NULL,
  `In_Builtswitch` varchar(45) DEFAULT NULL,
  `Pintop` varchar(45) DEFAULT NULL,
  `Holdertype` varchar(45) DEFAULT NULL,
  `Discount` varchar(45) DEFAULT NULL,
  `Images` varchar(45) DEFAULT NULL,
  `cat_id` int DEFAULT NULL,
  `status` varchar(45) DEFAULT 'PENDING',
  `cut` varchar(45) DEFAULT NULL,
  PRIMARY KEY (`S.No`)
) ENGINE=InnoDB AUTO_INCREMENT=202 DEFAULT CHARSET=utf8mb4 COLLATE=utf8mb4_0900_ai_ci;
/*!40101 SET character_set_client = @saved_cs_client */;

--
-- Dumping data for table `electrical_catinfo`
--

LOCK TABLES `electrical_catinfo` WRITE;
/*!40000 ALTER TABLE `electrical_catinfo` DISABLE KEYS */;
INSERT INTO `electrical_catinfo` VALUES (1,'1','1','WHIT-ALUM-GLOS-ROUN-SHAR-23-BREA-HEIG-WEIG-UP-BD-STYL-NOOF-VEND-DISC-IMG-TEST-','','','','white','round','','','VENDORE','DISCRIPTNOP','','23','Aluminum','','','','','','',NULL,NULL,NULL),(2,'1','3','ALUM-CUT-----SIZE-----','','size','','','','','','','','','','Aluminum','','','','','','',NULL,NULL,NULL),(3,'1','3','MA-CU-FE------DE-IM-WI-','','','','','','','','','','','','material ','wireType','','','','','imahe',NULL,NULL,NULL),(4,'1','3','MA-CU-FE------DE-IM-WI-','','','','','','','','','','','','material ','wireType','','','','','imahe',NULL,NULL,NULL),(5,'1','1','-----------------SH-20--','short discription','','200watt','','','','','','','','','','','','','','','',NULL,NULL,NULL),(6,'1','1','-----------------SH-20-20-','short discription','','200watt','','','','','','','','','','','','','','','',NULL,NULL,NULL),(7,'1','1','-----------------SH--JI-','short discription','','','','','','','','','','','','','','','','jio','',NULL,NULL,NULL),(8,'1','3','-----------','','','','','','','','','','','','','','','','','','',NULL,NULL,NULL),(9,'1','1','BL-CU-VE-DI-IM-SH-20-DI-SG-SI-BR-','short discript','sice','200wtt','black','sga[e','brand','','vendor','discrition','','','','','','','','discotun','',NULL,NULL,NULL),(10,'1','1','BL-CU-VE-DI-IM-SH-20-DI-SG-SI-BR-','short discript','sice','200wtt','black','sga[e','brand','','vendor','discrition','','','','','','','','discotun','',NULL,NULL,NULL),(11,'1','1','BL-DI-------SI---','','size','','blacni','','','','','','','','','','','','','','',NULL,NULL,NULL),(12,'1','1','BL-DI-------SI---','','size','','blacni','','','','','','','','','','','','','','',NULL,NULL,NULL),(13,'1','2','98-BL-BR-CE-LO-IM-SH-MA-HO-PR-DI-','shoert','98fe','','blak','','brandy','','','long ','price','','matieril','','','','holder','discoouhnt','images1',NULL,NULL,NULL),(14,'1','1','FE-JK-JK-JK-JK-J-KJ-JK-JK-JK-JK-JK-','jk','jk','jk','felwk','kjk','jkjk','jk','jk','jk','','','','','','','','j','jk',NULL,'PENDING',NULL),(15,'1','3','------WI--------','','','','','','','','','','','','','wireType','','','','','',NULL,'PENDING',NULL),(16,'1','1','VU-VE-SH---------','shote','','','','','','','vene','','','','','','','','','','',NULL,'PENDING',NULL),(17,'1','1','-----------','','','','','','','','','','','','','','','','','','',NULL,'PENDING',NULL),(18,'1','1','WH------------','','','','WHITE','','','','','','','','','','','','','','',NULL,'PENDING',NULL),(19,'1','1','-----------','','','','','','','','','','','','','','','','','','',NULL,'PENDING',NULL),(20,'1','1','CU-----------','','','','','','','','','','','','','','','','','','',NULL,'PENDING',NULL),(21,'1','1','-----------','','','','','','','','','','','','','','','','','','',NULL,'PENDING',NULL),(22,'1','1','-----------','','','','','','','','','','','','','','','','','','',NULL,'PENDING',NULL),(23,'1','1','-----------','','','','','','','','','','','','','','','','','','',NULL,'PENDING',NULL),(24,'1','1','-----------','','','','','','','','','','','','','','','','','','',NULL,'PENDING',NULL),(25,'1','1','-----------','','','','','','','','','','','','','','','','','','',NULL,'PENDING',NULL),(26,'1','1','CU-----------','','','','','','','','','','','','','','','','','','',NULL,'PENDING',NULL),(27,'1','1','-----------','','','','','','','','','','','','','','','','','','',NULL,'PENDING',NULL),(28,'1','1','-----------','','','','','','','','','','','','','','','','','','',NULL,'PENDING',NULL),(29,'1','1','-----------','','','','','','','','','','','','','','','','','','',NULL,'PENDING',NULL),(30,'1','1','-----------','','','','','','','','','','','','','','','','','','',NULL,'PENDING',NULL),(31,'1','1','-----------','','','','','','','','','','','','','','','','','','',NULL,'PENDING',NULL),(32,'1','1','-----------','','','','','','','','','','','','','','','','','','',NULL,'PENDING',NULL),(33,'1','1','-----------','','','','','','','','','','','','','','','','','','',NULL,'PENDING',NULL),(34,'1','1','-----------','','','','','','','','','','','','','','','','','','',NULL,'PENDING',NULL),(35,'1','1','-----------','','','','','','','','','','','','','','','','','','',NULL,'PENDING',NULL),(36,'1','1','-----------','','','','','','','','','','','','','','','','','','',NULL,'PENDING',NULL),(37,'1','1','-----------','','','','','','','','','','','','','','','','','','',NULL,'PENDING',NULL),(38,'1','1','FE-HI-H-IU--------','h','','iu','yellow','','','','hiu','','','','','','','','','','',NULL,'PENDING',NULL),(39,'1','1','FE-HI-H-IU--------','h','','iu','skyblue','','','','hiu','','','','','','','','','','',NULL,'PENDING',NULL),(40,'1','1','FE-HI-H-IU--------','h','','iu','blue','','','','hiu','','','','','','','','','','',NULL,'PENDING',NULL),(41,'1','1','-----------','','','','red','','','','','','','','','','','','','','',NULL,'PENDING',NULL),(42,'1','1','-----------','','','','red','','','','','','','','','','','','','','',NULL,'PENDING',NULL),(43,'1','1','-----------','','','','red','','','','','','','','','','','','','','',NULL,'PENDING',NULL),(44,'1','1','-----------','','','','red','','','','','','','','','','','','','','',NULL,'',NULL),(45,'1','1','-----------','','','','red','','','','','','','','','','','','','','',NULL,'',NULL),(46,'1','1','-----------','','','','red','','','','','','','','','','','','','','',NULL,'',NULL),(47,'1','1','-----------','','','','offwhite','','','','','','','','','','','','','','',NULL,'',NULL),(48,'1','1','-----------','','','','yellow','','','','','','','','','','','','','','',NULL,'',NULL),(49,'1','1','-----------','','','','yellow','','','','','','','','','','','','','','',NULL,'SUBMIT',NULL),(50,'1','1','-----------','','','','yellow','','','','','','','','','','','','','','',NULL,'SUBMIT',NULL),(51,'1','1','-----------','','','','yellow','','','','','','','','','','','','','','',NULL,'SAVE',NULL),(52,'1','1','-----------','','','','yellow','','','','','','','','','','','','','','',NULL,'SAVE',NULL),(53,'1','1','-----------','','','','yellow','','','','','','','','','','','','','','',NULL,'SAVE',NULL),(54,'1','1','-----------','','','','yellow','','','','','','','','','','','','','','',NULL,'SAVE',NULL),(55,'1','1','-----------','','','','yellow','','','','','','','','','','','','','','',NULL,'SAVE',NULL),(56,'1','1','-----------','','','','yellow','','','','','','','','','','','','','','',NULL,'SAVE',NULL),(57,'1','1','-----------','','','','yellow','','','','','','','','','','','','','','',NULL,'SAVE',NULL),(58,'1','1','-----------','','','','black','','','','','','','','','','','','','','',NULL,'',NULL),(59,'1','1','-----------','','','','red','','','','','','','','','','','','','','',NULL,'',NULL),(60,'1','1','-----------','','','','red','','','','','','','','','','','','','','',NULL,'',NULL),(61,'1','1','-----------','','','','silver','','','','','','','','','','','','','','',NULL,'',NULL),(62,'1','1','-----------','','','','red','','','','','','','','','','','','','','',NULL,'',NULL),(63,'1','1','-----------','','','','red','','','','','','','','','','','','','','',NULL,'',NULL),(64,'1','1','-----------','','','','white','','','','','','','','','','','','','','',NULL,'',NULL),(65,'1','1','-----------','','','','red','','','','','','','','','','','','','','',NULL,'',NULL),(66,'1','1','-----------','','','','red','','','','','','','','','','','','','','',NULL,'',NULL),(67,'1','1','-----------','','','','red','','','','','','','','','','','','','','',NULL,'',NULL),(68,'1','1','-----------','','','','red','','','','','','','','','','','','','','',NULL,'',NULL),(69,'1','1','CU-VE-OR-WA-DI-SH-SI-BR-IM-LO-LI-','ortDescription','size','Watt','skyblue','shape','brand','ligh out[','VENDER','long','','','','','','','','discount','images',NULL,'',NULL),(70,'1','1','FJ-JI-IJ-IJ-IJ-IJ-IJ-IJ-IJ-IJ-J-','ij','ijj','ij','red','ij','ij','j','ji','ij','','','','','','','','ij','ij',NULL,'',NULL),(71,'1','1','-----------','','','','red','','','','','','','','','','','','','','',NULL,'',NULL),(72,'1','1','-----------','','','','red','','','','','','','','','','','','','','',NULL,'',NULL),(73,'1','1','-----------','','','','red','','','','','','','','','','','','','','',NULL,'',NULL),(74,'1','1','-----------','','','','red','','','','','','','','','','','','','','',NULL,'',NULL),(75,'1','1','-----------','','','','red','','','','','','','','','','','','','','',NULL,'',NULL),(76,'1','3','--------------','','','','','','','','','','','','','','','','','','',NULL,'SUBMIT',NULL),(77,'1','3','--------------','','','','','','','','','','','','','','','','','','',NULL,'SUBMIT',NULL),(78,'1','3','--------------','','','','','','','','','','','','','','','','','','',NULL,'SUBMIT',NULL),(79,'1','3','--------------','','','','','','','','','','','','','','','','','','',NULL,'SUBMIT',NULL),(80,'1','3','--------------','','','','','','','','','','','','','','','','','','',NULL,'SUBMIT',NULL),(81,'1','3','--------------','','','','','','','','','','','','','','','','','','',NULL,'SUBMIT',NULL),(82,'1','3','--------------','','','','','','','','','','','','','','','','','','',NULL,'SUBMIT',NULL),(83,'1','3','--------------','','','','','','','','','','','','','','','','','','',NULL,'SUBMIT',NULL),(84,'1','1','-----------','','','','red','','','','','','','','','','','','','','',NULL,'',NULL),(85,'1','1','C:------------','','','','red','','','','','','','','','','','','','','',NULL,'',NULL),(86,'1','1','C:------------','','','','red','','','','','','','','','','','','','','',NULL,'SUBMIT',NULL),(87,'1','1','C:------------','','','','red','','','','','','','','','','','','','','',NULL,'SUBMIT',NULL),(88,'1','1','C:------------','','','','red','','','','','','','','','','','','','','',NULL,'SUBMIT',NULL),(89,'1','1','C:------------','','','','red','','','','','','','','','','','','','','',NULL,'SUBMIT',NULL),(90,'1','1','C:------------','','','','red','','','','','','','','','','','','','','',NULL,'SUBMIT',NULL),(91,'1','1','C:------------','','','','red','','','','','','','','','','','','','','',NULL,'SUBMIT',NULL),(92,'1','1','C:------------','','','','red','','','','','','','','','','','','','','',NULL,'SUBMIT',NULL),(93,'1','1','C:------------','','','','red','','','','','','','','','','','','','','',NULL,'SUBMIT',NULL),(94,'1','1','C:------------','','','','red','','','','','','','','','','','','','','',NULL,'SAVE',NULL),(95,'1','1','C:------------','','','','red','','','','','','','','','','','','','','',NULL,'SAVE',NULL),(96,'1','1','C:------------','','','','red','','','','','','','','','','','','','','',NULL,'SAVE',NULL),(97,'1','1','C:------------','','','','red','','','','','','','','','','','','','','',NULL,'SAVE',NULL),(98,'1','1','C:------------','','','','red','','','','','','','','','','','','','','',NULL,'SAVE',NULL),(99,'1','1','C:------------','','','','red','','','','','','','','','','','','','','',NULL,'SAVE',NULL),(100,'1','1','------------','','','','red','','','','','','','','','','','','','','',NULL,'',NULL),(101,'1','1','------------','','','','red','','','','','','','','','','','','','','',NULL,'',NULL),(102,'1','1','------------','','','','red','','','','','','','','','','','','','','',NULL,'SUBMIT',NULL),(103,'1','1','------------','','','','red','','','','','','','','','','','','','','',NULL,'SAVE',NULL),(104,'1','1','------------','','','','red','','','','','','','','','','','','','','',NULL,'SAVE',NULL),(105,'1','1','------------','','','','red','','','','','','','','','','','','','','',NULL,'SUBMIT',NULL),(106,'1','1','------------','','','','red','','','','','','','','','','','','','','',NULL,'SUBMIT',NULL),(107,'1','1','------------','','','','black','','','','','','','','','','','','','','',NULL,'',NULL),(108,'1','1','------------','','','','black','','','','','','','','','','','','','','',NULL,'',NULL),(109,'1','1','------------','','','','black','','','','','','','','','','','','','','',NULL,'SAVE',NULL),(110,'1','1','------------','','','','black','','','','','','','','','','','','','','',NULL,'SUBMIT',NULL),(111,'1','1','------------','','','','black','','','','','','','','','','','','','','',NULL,'SAVE',NULL),(112,'1','1','------------','','','','red','','','','','','','','','','','','','','',NULL,'',NULL),(113,'1','1','------------','','','','red','','','','','','','','','','','','','','',NULL,'SUBMIT',NULL),(114,'1','1','------------','','','','red','','','','','','','','','','','','','','',NULL,'SUBMIT',NULL),(115,'1','3','---------------','','','','','','','','','','','','','','','','','','',NULL,'',NULL),(116,'1','3','---------------','','','','','','','','','','','','','','','','','','',NULL,'SUBMIT',NULL),(117,'1','2','------------','','','','','','','','','','','','','','','','','','',NULL,'Save',NULL),(118,'1','2','------------','','','','','','','','','','','','','','','','','','',NULL,'SAVE',NULL),(119,'1','2','------------','','','','','','','','','','','','','','','','','','',NULL,'SUBMIT',NULL),(120,'1','2','------------','','','','','','','','','','','','','','','','','','',NULL,'SUBMIT',NULL),(121,'1','2','------------','','','','','','','','','','','','','','','','','','',NULL,'SUBMIT',NULL),(122,'1','2','------------','','','','','','','','','','','','','','','','','','',NULL,'SUBMIT',NULL),(123,'1','2','------------','','','','','','','','','','','','','','','','','','',NULL,'SAVE',NULL),(124,'1','2','------------','','','','','','','','','','','','','','','','','','',NULL,'SUBMIT',NULL),(125,'1','2','------------','','','','','','','','','','','','','','','','','','',NULL,'Save',NULL),(126,'1','2','------------','','','','','','','','','','','','','','','','','','',NULL,'SUBMIT',NULL),(127,'1','1','------------','','','','red','','','','','','','','','','','','','','',NULL,'Save',NULL),(128,'1','1','------------','','','','red','','','','','','','','','','','','','','',NULL,'SAVE',NULL),(129,'1','1','------------','','','','red','','','','','','','','','','','','','','',NULL,'Save',NULL),(130,'1','1','------------','','','','red','','','','','','','','','','','','','','',NULL,'Save',NULL),(131,'1','1','------------','','','','red','','','','','','','','','','','','','','',NULL,'Save',NULL),(132,'1','1','------------','','','','red','','','','','','','','','','','','','','',NULL,'SAVE',NULL),(133,'1','1','------------','','','','red','','','','','','','','','','','','','','',NULL,'SAVE',NULL),(134,'1','1','------------','','','','red','','','','','','','','','','','','','','',NULL,'SAVE',NULL),(135,'1','1','------------','','','','red','','','','','','','','','','','','','','',NULL,'SAVE',NULL),(136,'1','1','------------','','','','red','','','','','','','','','','','','','','',NULL,'SAVE',NULL),(137,'1','1','------------','','','','red','','','','','','','','','','','','','','',NULL,'SAVE',NULL),(138,'1','1','------------','','','','red','','','','','','','','','','','','','','',NULL,'SAVE',NULL),(139,'1','1','------------','','','','red','','','','','','','','','','','','','','',NULL,'SAVE',NULL),(140,'1','1','------------','','','','red','','','','','','','','','','','','','','',NULL,'SAVE',NULL),(141,'1','1','------------','','','','red','','','','','','','','','','','','','','',NULL,'SAVE',NULL),(142,'1','1','C:------------','','','','red','','','','','','','','','','','','','','',NULL,'Save',NULL),(143,'1','1','-DI-AB-BU-40-5-------','Bulb 40 watt red','','40','black','','','','ABC','','','','','','','','','5','',NULL,'Save',NULL),(144,'SELECT CATEGORY','1','C:------------','','','','red','','','','','','','','','','','','','','',NULL,'Save',NULL),(145,'SELECT CATEGORY','1','C:------------','','','','red','','','','','','','','','','','','','','',NULL,'Save',NULL),(146,'1','1','C:------------','','','','red','','','','','','','','','','','','','','',NULL,'Save',NULL),(147,'1','1','------------','','','','red','','','','','','','','','','','','','','',NULL,'Save',NULL),(148,'1','1','C:------------','','','','red','','','','','','','','','','','','','','',NULL,'SAVE',NULL),(149,'1','1','C:------------','','','','red','','','','','','','','','','','','','','',NULL,'SAVE',NULL),(150,'1','1','------------','','','','red','','','','','','','','','','','','','','',NULL,'Save',NULL),(151,'1','1','------------','','','','red','','','','','','','','','','','','','','',NULL,'SAVE',NULL),(152,'1','1','------------','','','','red','','','','','','','','','','','','','','',NULL,'SAVE',NULL),(153,'1','1','------------','','','','red','','','','','','','','','','','','','','',NULL,'SAVE',NULL),(154,'1','1','C:------------','','','','red','','','','','','','','','','','','','','',NULL,'Save',NULL),(155,'1','1','C:------------','','','','red','','','','','','','','','','','','','','',NULL,'SAVE',NULL),(156,'1','1','C:------------','','','','red','','','','','','','','','','','','','','',NULL,'Save',NULL),(157,'1','1','C:------------','','','','red','','','','','','','','','','','','','','',NULL,'SAVE',NULL),(158,'1','1','C:------------','','','','red','','','','','','','','','','','','','','',NULL,'Save',NULL),(159,'1','1','C:------------','','','','red','','','','','','','','','','','','','','',NULL,'SAVE',NULL),(160,'1','1','C:------------','','','','red','','','','','','','','','','','','','','',NULL,'SAVE',NULL),(161,'1','1','C:------------','','','','red','','','','','','','','','','','','','','',NULL,'SAVE',NULL),(162,'SELECT CATEGORY','1','C:------------','','','','red','','','','','','','','','','','','','','',NULL,'Save',NULL),(163,'SELECT CATEGORY','1','C:------------','','','','red','','','','','','','','','','','','','','',NULL,'SAVE',NULL),(164,'SELECT CATEGORY','1','C:------------','','','','red','','','','','','','','','','','','','','',NULL,'SAVE',NULL),(165,'1','1','C:------------','','','','red','','','','','','','','','','','','','','',NULL,'Save',NULL),(166,'1','1','C:------------','','','','red','','','','','','','','','','','','','','',NULL,'SAVE',NULL),(167,'1','1','C:------------','','','','red','','','','','','','','','','','','','','',NULL,'SAVE',NULL),(168,'1','1','C:------------','','','','red','','','','','','','','','','','','','','',NULL,'Save',NULL),(169,'1','1','C:------------','','','','red','','','','','','','','','','','','','','',NULL,'SAVE',NULL),(170,'1','1','C:------------','','','','red','','','','','','','','','','','','','','',NULL,'SAVE',NULL),(171,'1','1','C:------------','','','','red','','','','','','','','','','','','','','',NULL,'SAVE',NULL),(172,'1','1','C:------------','','','','red','','','','','','','','','','','','','','',NULL,'Save',NULL),(173,'1','1','C:------------','','','','red','','','','','','','','','','','','','','',NULL,'Save',NULL),(174,'1','1','C:------------','','','','red','','','','','','','','','','','','','','',NULL,'Save',NULL),(175,'1','1','C:------------','','','','red','','','','','','','','','','','','','','',NULL,'Save',NULL),(176,'1','1','C:------------','','','','red','','','','','','','','','','','','','','',NULL,'Save',NULL),(177,'1','1','C:------------','','','','red','','','','','','','','','','','','','','',NULL,'Save',NULL),(178,'1','1','C:------------','','','','red','','','','','','','','','','','','','','',NULL,'Save',NULL),(179,'1','1','C:------------','','','','offwhite','','','','','','','','','','','','','','',NULL,'SAVE',NULL),(180,'1','1','C:------------','','','','red','','','','','','','','','','','','','','1723532531',NULL,'SAVE',NULL),(181,'1','1','C:------------','','','','red','','','','','','','','','','','','','','1723532866_Screenshot (60).png',NULL,'SAVE',NULL),(182,'1','1','C:------------','','','','red','','','','','','','','','','','','','','1723533540_Screenshot 2024-08-10 142907.png',NULL,'SUBMIT',NULL),(183,'1','1','------------','','','','red','','','','','','','','','','','','','','',NULL,'Save',NULL),(184,'1','1','------------','','','','red','','','','','','','','','','','','','','',NULL,'SAVE',NULL),(185,'1','1','------------','','','','red','','','','','','','','','','','','','','',NULL,'SAVE',NULL),(186,'1','1','------------','','','','red','','','','','','','','','','','','','','',NULL,'SUBMIT',NULL),(187,'1','1','------------','','','','red','','','','','','','','','','','','','','',NULL,'SAVE',NULL),(188,'1','1','------------','','','','red','','','','','','','','','','','','','','',NULL,'SAVE',NULL),(189,'1','1','C:------------','','','','red','','','','','','','','','','','','','','1723535712_Screenshot (60).png',NULL,'SAVE',NULL),(190,'1','1','------------','','','','red','','','','','','','','','','','','','','',NULL,'Save',NULL),(191,'1','1','------------','','','','red','','','','','','','','','','','','','','',NULL,'SAVE',NULL),(192,'1','1','------------','','','','red','','','','','','','','','','','','','','',NULL,'Save',NULL),(193,'1','1','------------','','','','red','','','','','','','','','','','','','','',NULL,'Save',NULL),(194,'1','','','','','','red','','','','','','','','','','','','','','',NULL,'Save',NULL),(195,'1','1','C:-CU-VE-SH-20-20-SH-12-BR-FJ-JF-I-','SHort','12inch','200','black','shape','BRAND','i','Vendor','jfo','','','','','','','','200%','1723536284_Screenshot (59).png',NULL,'APPROOVED',NULL),(196,'1','1','------------','','','','red','','','','','','','','','','','','','','',NULL,'Save',NULL),(197,'1','1','C:-CU-VE-SH-U-H-H-JH-HJ-JH-HJ-HJ-','short','jhjhj','u','offwhite','h','hj','hjh','Vendore','hj','','','','','','','','h','1723536492_Screenshot (60).png',NULL,'SAVE',NULL),(198,'6','4','C:-DF-HU-IH-H-UH-UH-UH-HU-HU-HU-HU-','hu','huih','ih','h','','uhuh','uhu','','hu','','','','','','','','','1723551297_Screenshot (56).png',NULL,'SAVE',NULL),(199,'7','5','C:-I-II-JI-JI-JI-JI-JI-IJ-IJ-I-JI-IJ-I-JI-JI-JI-JI-JI-JI-JI-','','','','','','','','','','','','','','','','','','1723552091_Screenshot (57).png',NULL,'SAVE',NULL),(200,'7','5','C:-I-II-JI-JI-JI-JI-JI-IJ-IJ-I-JI-IJ-I-JI-JI-JI-JI-JI-JI-JI-','','','','','','','','','','','','','','','','','','1723552094_Screenshot (57).png',NULL,'SAVE',NULL),(201,'7','5','C:-UG-T-J9-TT-T-T-TT-T-EX-TT-T-TT-T-T-T-TT-EX-EX-EX-T-','','','','','','','','','','','','','','','','','','1723552926_Screenshot (60).png',NULL,'SAVE',NULL);
/*!40000 ALTER TABLE `electrical_catinfo` ENABLE KEYS */;
UNLOCK TABLES;

--
-- Table structure for table `expenses_gl`
--

DROP TABLE IF EXISTS `expenses_gl`;
/*!40101 SET @saved_cs_client     = @@character_set_client */;
/*!50503 SET character_set_client = utf8mb4 */;
CREATE TABLE `expenses_gl` (
  `S_NO` int NOT NULL AUTO_INCREMENT,
  `GL_code` varchar(45) DEFAULT NULL,
  `discription` varchar(45) DEFAULT NULL,
  `start_date` date DEFAULT NULL,
  `end_date` date DEFAULT NULL,
  PRIMARY KEY (`S_NO`)
) ENGINE=InnoDB DEFAULT CHARSET=utf8mb4 COLLATE=utf8mb4_0900_ai_ci;
/*!40101 SET character_set_client = @saved_cs_client */;

--
-- Dumping data for table `expenses_gl`
--

LOCK TABLES `expenses_gl` WRITE;
/*!40000 ALTER TABLE `expenses_gl` DISABLE KEYS */;
/*!40000 ALTER TABLE `expenses_gl` ENABLE KEYS */;
UNLOCK TABLES;

--
-- Table structure for table `fields_lookup`
--

DROP TABLE IF EXISTS `fields_lookup`;
/*!40101 SET @saved_cs_client     = @@character_set_client */;
/*!50503 SET character_set_client = utf8mb4 */;
CREATE TABLE `fields_lookup` (
  `id` int NOT NULL AUTO_INCREMENT,
  `attr_id` varchar(45) NOT NULL,
  `description` varchar(45) DEFAULT NULL,
  `start _date` varchar(45) DEFAULT NULL,
  `end_date` varchar(45) DEFAULT NULL,
  PRIMARY KEY (`id`)
) ENGINE=InnoDB AUTO_INCREMENT=40 DEFAULT CHARSET=utf8mb4 COLLATE=utf8mb4_0900_ai_ci;
/*!40101 SET character_set_client = @saved_cs_client */;

--
-- Dumping data for table `fields_lookup`
--

LOCK TABLES `fields_lookup` WRITE;
/*!40000 ALTER TABLE `fields_lookup` DISABLE KEYS */;
INSERT INTO `fields_lookup` VALUES (3,'27','transparent',NULL,NULL),(4,'27','white',NULL,NULL),(5,'27','off-white',NULL,NULL),(6,'27','yellow',NULL,NULL),(11,'74','transparent',NULL,NULL),(12,'74','white',NULL,NULL),(13,'74','off-white',NULL,NULL),(14,'74','yellow',NULL,NULL),(15,'75','round',NULL,NULL),(16,'75','candle',NULL,NULL),(17,'145','Osram',NULL,NULL),(18,'145','wipro',NULL,NULL),(19,'75','pygmy',NULL,NULL),(20,'77','E-14','',NULL),(21,'77','E-27',NULL,NULL),(22,'77','GU-10',NULL,NULL),(23,'144','Dimmble',NULL,NULL),(24,'144','Non dimmable',NULL,NULL),(25,'46','Black',NULL,NULL),(26,'46','White',NULL,NULL),(27,'95','E-14',NULL,NULL),(28,'95','E-27',NULL,NULL),(29,'95','GU-10',NULL,NULL),(30,'94','Metal',NULL,NULL),(31,'94','plastic',NULL,NULL),(32,'395','top',NULL,NULL),(35,'395','bottom',NULL,NULL),(36,'395','Both',NULL,NULL),(37,'395','none',NULL,NULL),(38,'399','Other',NULL,NULL),(39,'399','Circle',NULL,NULL);
/*!40000 ALTER TABLE `fields_lookup` ENABLE KEYS */;
UNLOCK TABLES;

--
-- Table structure for table `grn_goods_receipt`
--

DROP TABLE IF EXISTS `grn_goods_receipt`;
/*!40101 SET @saved_cs_client     = @@character_set_client */;
/*!50503 SET character_set_client = utf8mb4 */;
CREATE TABLE `grn_goods_receipt` (
  `inventory_id` int NOT NULL,
  `item_id` bigint DEFAULT NULL,
  `item_code` varchar(45) DEFAULT NULL,
  `item_discription` varchar(45) DEFAULT NULL,
  `warehouse_location` varchar(45) DEFAULT NULL,
  `warehouse_code` varchar(45) DEFAULT NULL,
  `receiving_item` varchar(45) DEFAULT NULL,
  `purchase_order_id` varchar(45) DEFAULT NULL,
  `purchase_order_date` date DEFAULT NULL,
  `purchase_order_line` varchar(45) DEFAULT NULL,
  `received_quantity` bigint DEFAULT NULL,
  `recevied_date` date DEFAULT NULL,
  `receiving_time` varchar(45) DEFAULT NULL,
  `finished` varchar(45) DEFAULT NULL,
  `weight` varchar(45) DEFAULT NULL,
  `dimension` varchar(45) DEFAULT NULL,
  `box_no` bigint DEFAULT NULL,
  `box_detail` varchar(45) DEFAULT NULL,
  `checked_by` varchar(45) DEFAULT NULL,
  `approved` varchar(45) DEFAULT NULL,
  `remarks` varchar(45) DEFAULT NULL,
  `serial_number_to` bigint DEFAULT NULL,
  `serial_number_from` bigint DEFAULT NULL,
  `vendor_name` varchar(45) DEFAULT NULL,
  `mode_of_transport` varchar(45) DEFAULT NULL,
  `vehical_detail` varchar(45) DEFAULT NULL,
  `invoice_num` bigint DEFAULT NULL,
  `invoice_date` date DEFAULT NULL,
  `amount` bigint DEFAULT NULL,
  PRIMARY KEY (`inventory_id`)
) ENGINE=InnoDB DEFAULT CHARSET=utf8mb4 COLLATE=utf8mb4_0900_ai_ci;
/*!40101 SET character_set_client = @saved_cs_client */;

--
-- Dumping data for table `grn_goods_receipt`
--

LOCK TABLES `grn_goods_receipt` WRITE;
/*!40000 ALTER TABLE `grn_goods_receipt` DISABLE KEYS */;
/*!40000 ALTER TABLE `grn_goods_receipt` ENABLE KEYS */;
UNLOCK TABLES;

--
-- Table structure for table `item_master_main`
--

DROP TABLE IF EXISTS `item_master_main`;
/*!40101 SET @saved_cs_client     = @@character_set_client */;
/*!50503 SET character_set_client = utf8mb4 */;
CREATE TABLE `item_master_main` (
  `S_No` int NOT NULL AUTO_INCREMENT,
  `item_code` varchar(200) DEFAULT NULL,
  `Item_Category` varchar(45) DEFAULT NULL,
  `Short_Description` varchar(45) DEFAULT NULL,
  `sub_category` varchar(45) DEFAULT NULL,
  `Price` varchar(45) DEFAULT NULL,
  `SI_unit` varchar(45) DEFAULT NULL,
  `Material` varchar(45) DEFAULT NULL,
  `Design` varchar(45) DEFAULT NULL,
  `Finish_type` varchar(45) DEFAULT NULL,
  `Half_Full_Thread` varchar(45) DEFAULT NULL,
  `Holder_Thread` varchar(45) DEFAULT NULL,
  `Holder_type` varchar(45) DEFAULT NULL,
  `Thread` varchar(45) DEFAULT NULL,
  `Brand` varchar(45) DEFAULT NULL,
  `Light_Output_colour` varchar(45) DEFAULT NULL,
  `Colour` varchar(45) DEFAULT NULL,
  `Cut` varchar(45) DEFAULT NULL,
  `Height` varchar(45) DEFAULT NULL,
  `Length` varchar(45) DEFAULT NULL,
  `Breadth` varchar(45) DEFAULT NULL,
  `Upper_Dia` varchar(50) DEFAULT NULL,
  `Bottom_Dia` varchar(45) DEFAULT NULL,
  `Centre_Hole_dia` varchar(45) DEFAULT NULL,
  `Size` varchar(45) DEFAULT NULL,
  `Watt` varchar(45) DEFAULT NULL,
  `Shape` varchar(45) DEFAULT NULL,
  `Side_Hole_dia` varchar(45) DEFAULT NULL,
  `Top_hole_dia` varchar(45) DEFAULT NULL,
  `No_of_ply` varchar(45) DEFAULT NULL,
  `Style` varchar(45) DEFAULT NULL,
  `Thickness` varchar(45) DEFAULT NULL,
  `Weight` varchar(45) DEFAULT NULL,
  `Depth` varchar(45) DEFAULT NULL,
  `Bottom_hole_dia` varchar(45) DEFAULT NULL,
  `Bottom_hole` varchar(45) DEFAULT NULL,
  `Core` varchar(45) DEFAULT NULL,
  `Inner_Outer_thread` varchar(45) DEFAULT NULL,
  `Upper_thread` varchar(45) DEFAULT NULL,
  `Lower_thread` varchar(45) DEFAULT NULL,
  `Thread_length` varchar(45) DEFAULT NULL,
  `Indian_Imported` varchar(45) DEFAULT NULL,
  `In_built_switch` varchar(45) DEFAULT NULL,
  `Wire_type` varchar(45) DEFAULT NULL,
  `Vendor` varchar(45) DEFAULT NULL,
  `attribute1` varchar(45) DEFAULT NULL,
  `attribute2` varchar(45) DEFAULT NULL,
  `attribute3` varchar(45) DEFAULT NULL,
  `itemmastercol` varchar(45) DEFAULT NULL,
  `imagePath` varchar(45) DEFAULT NULL,
  `createdBy` varchar(45) DEFAULT NULL,
  `updatedBy` varchar(45) DEFAULT NULL,
  `departement` varchar(45) DEFAULT NULL,
  `updatedDate` varchar(45) DEFAULT NULL,
  `Long_Description` varchar(45) DEFAULT NULL,
  `Pintop` varchar(45) DEFAULT NULL,
  `Discount` varchar(45) DEFAULT NULL,
  `itemStatus` varchar(45) DEFAULT NULL,
  `createdDate` varchar(45) DEFAULT NULL,
  `fabric` varchar(45) DEFAULT NULL,
  `fabric_colour` varchar(45) DEFAULT NULL,
  `piping` varchar(45) DEFAULT NULL,
  `piping_color` varchar(45) DEFAULT NULL,
  `acrylic_diffuser` varchar(45) DEFAULT NULL,
  `gallery_heght` varchar(45) DEFAULT NULL,
  `sheet` varchar(45) DEFAULT NULL,
  `sheet_color` varchar(45) DEFAULT NULL,
  `powder_coating` varchar(45) DEFAULT NULL,
  `subCatId` varchar(45) DEFAULT NULL,
  `colour_temparature` varchar(45) DEFAULT NULL,
  `Dimmable` varchar(45) DEFAULT NULL,
  `Location` varchar(45) DEFAULT NULL,
  `Collar` varchar(45) DEFAULT NULL,
  `Diameter` varchar(45) DEFAULT NULL,
  `Socket` varchar(45) DEFAULT NULL,
  `Ink_type` varchar(45) DEFAULT NULL,
  `Transparent` varchar(45) DEFAULT NULL,
  PRIMARY KEY (`S_No`)
) ENGINE=InnoDB AUTO_INCREMENT=344 DEFAULT CHARSET=utf8mb4 COLLATE=utf8mb4_0900_ai_ci;
/*!40101 SET character_set_client = @saved_cs_client */;

--
-- Dumping data for table `item_master_main`
--

LOCK TABLES `item_master_main` WRITE;
/*!40000 ALTER TABLE `item_master_main` DISABLE KEYS */;
INSERT INTO `item_master_main` VALUES (276,'C:-HG-H-GH-BH-BH-HV-V-H-H-HJ-H-','1','bh',NULL,'h','h','hv','','','','','','','ghj','','h','','','','','','','','','','','','','','','','','','',NULL,'','','','','','','','','bhj','','','',NULL,'','admin',NULL,'departement',NULL,'','','','','24-08-18','','','','','','',NULL,'','','2','','','','',NULL,'','',''),(278,'C:-MB-JB-J-BJ-BH-BJ-HJ-BH-HB-HB-HB-HB-HB-','1','hjb',NULL,'hb','','mbhj','','','','','','','hb','','jbj','','','bh','','','','','j','','','','','','','','','','',NULL,'','','','','','','hb','bj','bjb','','','',NULL,'','admin',NULL,'departement',NULL,'','','','','24-08-18','','','','','','',NULL,'','','3','','','','',NULL,'','',''),(280,'C:-T4-4T-4T-T4-4-R3-T4-4T-4T-T-','1','4t',NULL,'','','','','','','','','','t4t','4t4','red','','','','','','','','','4t4','4','','','','','','','','',NULL,'','','','','','','','','t4','','','',NULL,'','admin',NULL,'departement',NULL,'','','','','24-08-19','','','','','','',NULL,'','','1','','','','',NULL,'','',''),(282,'PA-SH-LE-BR-HE-NO-VE-LO','12','Short_Description',NULL,'','','','','','','','','','','','','','Height','Length','Breadth','','','','','','','','','No_of_ply','','','','','',NULL,'','','','','','','','','Vendor','','','',NULL,'','admin',NULL,'departement',NULL,'Long_Description','','','','24-08-19','','','','','','',NULL,'','','18','','','','',NULL,'','',''),(283,'C:-Y6-Y6-Y6-Y6-6-Y6-6Y-Y6-Y6-6-Y6-6Y-6Y-6Y-6Y-Y6-Y6-','6','6',NULL,'y6y','y6y6','','','y6y','','','','','y6y6','','y6y6','6y6','y6','','','6','y6y6y','','','','','','','6y','6y6y','','y6y','','',NULL,'','','','','','','','','y6y6y6','','','',NULL,'','admin',NULL,'departement',NULL,'','','','','24-08-19','','','','','','',NULL,'','','6','','','','',NULL,'','',''),(287,'VEND-SHOR-WATT-DISC-SHAP-','1','short',NULL,'','','','','','','','','','','','red','','','','','','','','','watt','','','','','','','','','',NULL,'','','','','','','','','vendore','','','',NULL,'','admin',NULL,'departement',NULL,'log direct','','','','24-08-19','','','','','','',NULL,'','','1','','','','',NULL,'','',''),(288,'GL-CO-HS-K-NK-KJ-IH-J-JI-BJ','6','kjbuibhqbhu',NULL,'iuh','ihu','','','j','','','','','k','','color','ji','bj','','','ih','h','','','','hspalre','','','ui','ih','','j','','',NULL,'','','','','','','','','nknknkn','','','',NULL,'','admin',NULL,'departement',NULL,'hi','','uh','','24-08-19','','','','','','',NULL,'','','7','','','','',NULL,'','',''),(290,'EL-SH-WA-MA-HE-BR-CO-SI-LO-VE','1','Short_Description',NULL,'Price','SI_unit','Material','','','','','','','Osram','transparent','transparent','','Height','','Breadth','','','','','Watt','round','','','','','','','','',NULL,'','','','','','','','','Vendor','','','',NULL,'','admin',NULL,'departement',NULL,'Long_Description','','Discount','','24-08-19','','','','','','',NULL,'','','1','Colour_Temparature','Dimmble','Location','',NULL,'E-14','',''),(291,'GL-CO-BR-NI-N-IU-JI-UI-FE-UI','6','N',NULL,'NIU','IUN','','','','','','','','BRTNJ','','color','JIN','UIN','','','','','','','','Circle','','','IUNIU','','','FEF','','',NULL,'','','','','','','','','NIJ','','','',NULL,'','admin',NULL,'departement',NULL,'NIU','','NIUNIU','','24-08-19','','','','','','',NULL,'','','4','','','NIU','Both',NULL,'','',''),(292,'element[mainData]','element[mainData]','element[mainData]',NULL,'element[mainData]','element[mainData]','element[mainData]','','','','','','','element[mainData]','element[mainData]','element[mainData]','','element[mainData]','','element[mainData]','','','','','element[mainData]','element[mainData]','','','','','','','','',NULL,'','','','','','','','','element[mainData]','','','',NULL,'','admin',NULL,'departement',NULL,'element[mainData]','','element[mainData]','','24-08-19','','','','','','',NULL,'','','element[mainData]','element[mainData]','element[mainData]','element[mainData]','',NULL,'element[mainData]','',''),(293,'EL-SH-20-MA-14-15-24-IN-BU-JA','1','shoert',NULL,'Rs.200','INCH','material','','','','','','','wipro','','off-white','','14CM','','15Inch','','','','','200','round','','','','','','','','',NULL,'','','','','','','','','JAIpur','','','',NULL,'','admin',NULL,'departement',NULL,'bulb 200 electirf','','56%','','24-08-19','','','','','','',NULL,'','','1','24','Non dimmable','delhi','',NULL,'','',''),(303,'C:FMK-MK-MK-MK-MK-MKMKMKMKMKMKM','1','mk',NULL,'mk','mk','mk','','','','','','','Osram','','transparent','','mk','','mk','','','','','mk','round','','','','','','','','',NULL,'','','','','','','','','mk','','','',NULL,'','admin',NULL,'departement',NULL,'mk','','mk','','24-08-19','','','','','','',NULL,'','','1','mk','Dimmble','m','',NULL,'','',''),(307,'C:FJHGD-GFD-FTF-HGFT-HGFT-GHDFHGFGHFGFGFGF','1','jhgdfge',NULL,'gf','df','ftf','','','','','','','Osram','','transparent','','hgft','','hgft','','','','','gfd','round','','','','','','','','',NULL,'','','','','','','','','ghf','','','',NULL,'','admin',NULL,'departement',NULL,'hgf','','gf','','24-08-19','','','','','','',NULL,'','','1','gh','Dimmble','gf','',NULL,'','',''),(309,'EL-L;-HU-HU-HU-HU-HU-UH-UH-UH','1','l;ojioko',NULL,'uh','uh','hu','','','','','','','Osram','transparent','transparent','','hu','','hu','','','','','hu','round','','','','','','','','',NULL,'','','','','','','','','uh','','','',NULL,'','admin',NULL,'departement',NULL,'uh','','uh','','24-08-19','','','','','','',NULL,'','','1','hu','Dimmble','u','',NULL,'E-14','',''),(310,'C:FFJI-JI-JI-JI-JI-JIJIJIJIJIJIJI','1','fji',NULL,'ji','ji','ji','','','','','','','Osram','','transparent','','ji','','ji','','','','','ji','round','','','','','','','','',NULL,'','','','','','','','','ji','','','',NULL,'','admin',NULL,'departement',NULL,'ji','','ji','','24-08-19','','','','','','',NULL,'','','1','ji','Dimmble','ji','',NULL,'','',''),(311,'C:FKGYU-UYDG-YUFG-GYGY-GYUG-GUGRYUGFGUYGUYGYFYTGYGU','1','kgyudgfgyu',NULL,'yfyt','yugfrg','yufgeuyg','','','','','','','Osram','','transparent','','gygyug','','gyugfrg','','','','','uydgfeg','round','','','','','','','','',NULL,'','','','','','','','','uyg','','','',NULL,'','admin',NULL,'departement',NULL,'guygwyu','','gy','','24-08-19','','','','','','',NULL,'','','1','gugrfey','Dimmble','gu','',NULL,'','',''),(312,'C:FKN-KN-KN-KN-KNK-NKNKNKNKNKNKNKNKNKNKN','1','kn',NULL,'kn','kn','knk','','','','','','','nkn','','kn','','','kn','','','','','','','','','','','','','','','',NULL,'','','','','','','nk','nk','kn','','','',NULL,'','admin',NULL,'departement',NULL,'kn','nk','kn','','24-08-19','','','','','','',NULL,'','','3','','','kn','',NULL,'','',''),(314,'EL-SH-JH-HJ-HJ-HJ-HJ-HJ-HJ-HJ','1','BULB-SHOR-JHJ-HJ-HJ-HJ',NULL,'hj','hj','hj','','','','','','','Osram','transparent','transparent','','hj','','hj','','','','','jhj','round','','','','','','','','',NULL,'','','','','','','','','hj','','','',NULL,'','admin',NULL,'departement',NULL,'hj','','hj','','24-08-19','','','','','','',NULL,'','','1','hj','Dimmble','hj','',NULL,'E-14','',''),(316,'JHFG-GF-HGF-HF-YTF-','6','ytf',NULL,'uf','f','','','uf','','','','','hf','','jhfgf','ytf','fy','','','tf','f','','','','gf','','','uf','f','','tf','','',NULL,'','','','','','','','','hgf','','','',NULL,'','admin',NULL,'departement',NULL,'yuf','','uf','','24-08-19','','','','','','',NULL,'','','6','','','','',NULL,'','',''),(317,'GL-YY-Y-GY-GY-G-YG-Y-GY-GY','6','g',NULL,'g','yg','','','gy','','','','','gy','','yyygygygygyg','y','gy','','','yg','y','','','','y','','','ygy','g','','gyg','','',NULL,'','','','','','','','','gy','','','',NULL,'','admin',NULL,'departement',NULL,'gygygy','','gy','','24-08-19','','','','','','',NULL,'','','6','','','','',NULL,'','',''),(318,'EL-FN-UY-UY-UY-YU-GU-UY-GU-GY','1','BULB-FNIS-UYG-UYG-UYG-YU',NULL,'guyguy','uy','uyg','','','','','','','Osram','yellow','transparent','','uyg','','yu','','','','','uyg','round','','','','','','','','',NULL,'','','','','','','','','gyu','','','',NULL,'','admin',NULL,'departement',NULL,'guy','','guy','','24-08-19','','','','','','',NULL,'','','1','guy','Dimmble','guy','',NULL,'E-14','',''),(319,'EL-NJ-MA-MA-MA-MA-MA-MA-MA-MA','1','BULB-NJ-MANI-MANI-MANI-MANI',NULL,'cmanish','manish','manish','','','','','','','Osram','yellow','transparent','','manish','','manish','','','','','manish','round','','','','','','','','',NULL,'','','','','','','','','manish','','','',NULL,'','admin',NULL,'departement',NULL,'manish','','manish','','24-08-19','','','','','','',NULL,'','','1','manish','Dimmble','manish','',NULL,'E-14','',''),(324,'C:-DF-EF-RF-EF-FR-FR-FR-RF-RF-RF-','1','ef',NULL,'','','','','','','','','','frf','rf','red','','','','','','','','','rfr','fr','','','','','','','','',NULL,'','','','','','','','','dfef','','','',NULL,'','admin',NULL,'departement',NULL,'','','','','24-08-19','','','','','','',NULL,'','','1','','','','',NULL,'','',''),(325,'C:-DE-DE-FE-E-F-ED-EF-EF-E-FE-','1','de',NULL,'','','','','','','','','','ef','e','red','','','','','','','','','fef','f','','','','','','','','',NULL,'','','','','','','','','de','','','',NULL,'','admin',NULL,'departement',NULL,'','','','','24-08-19','','','','','','',NULL,'','','1','','','','',NULL,'','',''),(329,'C:-TR-TR-TR-TR-R-T-T-T-R-RR-','1','trt',NULL,'','','','','','','','','','t','r','transparent','','','','','','','','','trt','r','','','','','','','','',NULL,'','','','','','','','','trt','','','',NULL,'','admin',NULL,'departement',NULL,'','','','','24-08-19','','','','','','',NULL,'','','1','','','','',NULL,'','',''),(330,'C:-Y6-6Y-Y-Y6-Y6-6Y-Y-6Y-Y6-6Y-','1','6y66y',NULL,'','','','','','','','','','y','y6','red','','','','','','','','','y','y6y','','','','','','','','',NULL,'','','','','','','','','y6y6','','','',NULL,'','admin',NULL,'departement',NULL,'','','','','24-08-19','','','','','','',NULL,'','','1','','','','',NULL,'','',''),(331,'C:-NJ-Q-Q-Q-Q-Q-Q-Q-Q-F-','1','q',NULL,'','','','','','','','','','q','q','red','','','','','','','','','q','q','','','','','','','','',NULL,'','','','','','','','','nj h h  ','','','',NULL,'','admin',NULL,'departement',NULL,'','','','','24-08-19','','','','','','',NULL,'','','1','','','','',NULL,'','',''),(332,'C:-R3-R-FE-FE-E-FE-EF-EF-EF-FE-','1','r',NULL,'','','','','','','','','','efefef','efefeff','red','','','','','','','','','fefefe','e','','','','','','','','',NULL,'','','','','','','','','r3rre','','','',NULL,'','admin',NULL,'departement',NULL,'','','','','24-08-19','','','','','','',NULL,'','','1','','','','',NULL,'','',''),(333,'C:-FE-EF-EF-EF-E-FE-EF-EF-F-FE-','1','efe',NULL,'','','','','','','','','','ef','f','red','','','','','','','','','efe','e','','','','','','','','',NULL,'','','','','','','','','fef','','','',NULL,'','admin',NULL,'departement',NULL,'','','','','24-08-19','','','','','','',NULL,'','','1','','','','',NULL,'','',''),(337,'C:-MB-JB-J-BJ-BH-BJ-HJ-BH-HB-HB-HB-HB-HB-','1','hjb',NULL,'hb','','mbhj','','','','','','','hb','','jbj','','','bh','','','','','j','','','','','','','','','','',NULL,'','','','','','','hb','bj','bjb','','','',NULL,'','admin',NULL,'departement',NULL,'','','','','24-08-19','','','','','','',NULL,'','','3','','','','',NULL,'','',''),(338,'C:-T4-4T-4T-T4-4-R3-T4-4T-4T-T-','1','4t',NULL,'','','','','','','','','','t4t','4t4','red','','','','','','','','','4t4','4','','','','','','','','',NULL,'','','','','','','','','t4','','','',NULL,'','admin',NULL,'departement',NULL,'','','','','24-08-19','','','','','','',NULL,'','','1','','','','',NULL,'','',''),(339,'C:-T4-4T-4T-T4-4-R3-T4-4T-4T-T-','1','4t',NULL,'','','','','','','','','','t4t','4t4','red','','','','','','','','','4t4','4','','','','','','','','',NULL,'','','','','','','','','t4','','','',NULL,'','admin',NULL,'departement',NULL,'','','','','24-08-19','','','','','','',NULL,'','','1','','','','',NULL,'','',''),(340,'C:-T4-4T-4T-T4-4-R3-T4-4T-4T-T-','1','4t',NULL,'','','','','','','','','','t4t','4t4','red','','','','','','','','','4t4','4','','','','','','','','',NULL,'','','','','','','','','t4','','','',NULL,'','admin',NULL,'departement',NULL,'','','','','24-08-19','','','','','','',NULL,'','','1','','','','',NULL,'','',''),(341,'C:-T4-4T-4T-T4-4-R3-T4-4T-4T-T-','1','4t',NULL,'','','','','','','','','','t4t','4t4','red','','','','','','','','','4t4','4','','','','','','','','',NULL,'','','','','','','','','t4','','','',NULL,'','admin',NULL,'departement',NULL,'','','','','24-08-19','','','','','','',NULL,'','','1','','','','',NULL,'','',''),(342,'C:-T4-4T-4T-T4-4-R3-T4-4T-4T-T-','1','4t',NULL,'','','','','','','','','','t4t','4t4','red','','','','','','','','','4t4','4','','','','','','','','',NULL,'','','','','','','','','t4','','','',NULL,'1723624868_Screenshot (60).png','admin',NULL,'departement',NULL,'','','','','24-08-19','','','','','','',NULL,'','','1','','','','',NULL,'','',''),(343,'GL-9J-JI-HU-H-UH-IU-HI-H-IH','6','uh',NULL,'i','iu','','','hi','','','','','hu','','9jij98uj','h','ih','','','ih','ih','','','','ji','','','ih','ih','','ih','','',NULL,'','','','','','','','','h','','','',NULL,'1723984821_Screenshot (60).png','admin',NULL,'departement',NULL,'ihi','','h','','24-08-19','','','','','','',NULL,'','','9','','','','',NULL,'','','');
/*!40000 ALTER TABLE `item_master_main` ENABLE KEYS */;
UNLOCK TABLES;

--
-- Table structure for table `item_master_temp`
--

DROP TABLE IF EXISTS `item_master_temp`;
/*!40101 SET @saved_cs_client     = @@character_set_client */;
/*!50503 SET character_set_client = utf8mb4 */;
CREATE TABLE `item_master_temp` (
  `S_No` int NOT NULL AUTO_INCREMENT,
  `item_code` varchar(200) DEFAULT NULL,
  `Item_Category` varchar(45) DEFAULT NULL,
  `Short_Description` varchar(45) DEFAULT NULL,
  `sub_category` varchar(45) DEFAULT NULL,
  `Price` varchar(45) DEFAULT NULL,
  `SI_unit` varchar(45) DEFAULT NULL,
  `Material` varchar(45) DEFAULT NULL,
  `Design` varchar(45) DEFAULT NULL,
  `Finish_type` varchar(45) DEFAULT NULL,
  `Half_Full_Thread` varchar(45) DEFAULT NULL,
  `Holder_Thread` varchar(45) DEFAULT NULL,
  `Holder_type` varchar(45) DEFAULT NULL,
  `Thread` varchar(45) DEFAULT NULL,
  `Brand` varchar(45) DEFAULT NULL,
  `Light_Output_colour` varchar(45) DEFAULT NULL,
  `Colour` varchar(45) DEFAULT NULL,
  `Cut` varchar(45) DEFAULT NULL,
  `Height` varchar(45) DEFAULT NULL,
  `Length` varchar(45) DEFAULT NULL,
  `Breadth` varchar(45) DEFAULT NULL,
  `Upper_Dia` varchar(50) DEFAULT NULL,
  `Bottom_Dia` varchar(45) DEFAULT NULL,
  `Centre_Hole_dia` varchar(45) DEFAULT NULL,
  `Size` varchar(45) DEFAULT NULL,
  `Watt` varchar(45) DEFAULT NULL,
  `Shape` varchar(45) DEFAULT NULL,
  `Side_Hole_dia` varchar(45) DEFAULT NULL,
  `Top_hole_dia` varchar(45) DEFAULT NULL,
  `No_of_ply` varchar(45) DEFAULT NULL,
  `Style` varchar(45) DEFAULT NULL,
  `Thickness` varchar(45) DEFAULT NULL,
  `Weight` varchar(45) DEFAULT NULL,
  `Depth` varchar(45) DEFAULT NULL,
  `Bottom_hole_dia` varchar(45) DEFAULT NULL,
  `Bottom_hole` varchar(45) DEFAULT NULL,
  `Core` varchar(45) DEFAULT NULL,
  `Inner_Outer_thread` varchar(45) DEFAULT NULL,
  `Upper_thread` varchar(45) DEFAULT NULL,
  `Lower_thread` varchar(45) DEFAULT NULL,
  `Thread_length` varchar(45) DEFAULT NULL,
  `Indian_Imported` varchar(45) DEFAULT NULL,
  `In_built_switch` varchar(45) DEFAULT NULL,
  `Wire_type` varchar(45) DEFAULT NULL,
  `Vendor` varchar(45) DEFAULT NULL,
  `attribute1` varchar(45) DEFAULT NULL,
  `attribute2` varchar(45) DEFAULT NULL,
  `attribute3` varchar(45) DEFAULT NULL,
  `itemmastercol` varchar(45) DEFAULT NULL,
  `imagePath` varchar(45) DEFAULT NULL,
  `createdBy` varchar(45) DEFAULT NULL,
  `updatedBy` varchar(45) DEFAULT NULL,
  `departement` varchar(45) DEFAULT NULL,
  `updatedDate` varchar(45) DEFAULT NULL,
  `Long_Description` varchar(45) DEFAULT NULL,
  `Pintop` varchar(45) DEFAULT NULL,
  `Discount` varchar(45) DEFAULT NULL,
  `itemStatus` varchar(45) DEFAULT NULL,
  `createdDate` varchar(45) DEFAULT NULL,
  `fabric` varchar(45) DEFAULT NULL,
  `fabric_colour` varchar(45) DEFAULT NULL,
  `piping` varchar(45) DEFAULT NULL,
  `piping_color` varchar(45) DEFAULT NULL,
  `acrylic_diffuser` varchar(45) DEFAULT NULL,
  `gallery_heght` varchar(45) DEFAULT NULL,
  `sheet` varchar(45) DEFAULT NULL,
  `sheet_color` varchar(45) DEFAULT NULL,
  `powder_coating` varchar(45) DEFAULT NULL,
  `subCatId` varchar(45) DEFAULT NULL,
  `colour_temparature` varchar(45) DEFAULT NULL,
  `Dimmable` varchar(45) DEFAULT NULL,
  `Location` varchar(45) DEFAULT NULL,
  `Collar` varchar(45) DEFAULT NULL,
  `Diameter` varchar(45) DEFAULT NULL,
  `Socket` varchar(45) DEFAULT NULL,
  `Ink_type` varchar(45) DEFAULT NULL,
  `Transparent` varchar(45) DEFAULT NULL,
  PRIMARY KEY (`S_No`)
) ENGINE=InnoDB AUTO_INCREMENT=308 DEFAULT CHARSET=utf8mb4 COLLATE=utf8mb4_0900_ai_ci;
/*!40101 SET character_set_client = @saved_cs_client */;

--
-- Dumping data for table `item_master_temp`
--

LOCK TABLES `item_master_temp` WRITE;
/*!40000 ALTER TABLE `item_master_temp` DISABLE KEYS */;
INSERT INTO `item_master_temp` VALUES (1,'C:-FF-HJ-H-HJ-J-HJ-J-HJ-HJ-HJ-','1','hjk','1','price','si unit','material','design','finish type','half full thred','holder threa','holf=der type',NULL,'Brand','Light_Output_colour','skyblue','cut','height','length','breadth','upper dia','bottom dia','center hole dia','size','watt','shape','side hole ','top hole dia','no of ly','style','thickneas','weight','Depth','Bottom_hole_dia','Bottom_hole','Core','Inner_Outer_thread','Upper_thread','Lower_thread','Thread_length','Indian_Imported','In_built_switch','Wire_type','VENDORE','attribute1','att2','att3',NULL,'1723615930_Screenshot (60).png',NULL,NULL,NULL,NULL,'long discreiption','pintop','discount','inProgress','cretd','fabric',NULL,'piping ','piping color','acreylic iffuser','gallery height','sheet','shee color','powder coatinfg','sub cat',NULL,NULL,NULL,NULL,NULL,NULL,NULL,NULL),(2,'C:-JU-I-IH-IH-IH-IH-IH-I-HI-HI-','1','i','1','',NULL,'',NULL,NULL,NULL,NULL,'',NULL,'ih','','red',NULL,NULL,'',NULL,NULL,NULL,NULL,'ih','ih','ih',NULL,NULL,NULL,NULL,NULL,NULL,NULL,NULL,NULL,NULL,NULL,NULL,NULL,NULL,NULL,'','','juihiuhi',NULL,NULL,NULL,NULL,'1723616120_Screenshot (60).png',NULL,NULL,NULL,NULL,'','','ih','SAVE',NULL,NULL,NULL,NULL,NULL,NULL,NULL,NULL,NULL,NULL,NULL,NULL,NULL,NULL,NULL,NULL,NULL,NULL,NULL),(3,'C:-FE-FW-F-F-F-F-F-FF-F-F-','1','fwef','1','',NULL,'',NULL,NULL,NULL,NULL,'',NULL,'f','','red',NULL,NULL,'',NULL,NULL,NULL,NULL,'f','f','f',NULL,NULL,NULL,NULL,NULL,NULL,NULL,NULL,NULL,NULL,NULL,NULL,NULL,NULL,NULL,'','','fef',NULL,NULL,NULL,NULL,'1723616166_Screenshot (60).png',NULL,NULL,NULL,NULL,'','','f','SAVE',NULL,NULL,NULL,NULL,NULL,NULL,NULL,NULL,NULL,NULL,NULL,NULL,NULL,NULL,NULL,NULL,NULL,NULL,NULL),(4,'C:-DE-DE-DE-DE-FE-EF-ED-DE-DE-ED-','1','dewde','1','',NULL,'',NULL,NULL,NULL,NULL,'',NULL,'ede','','red',NULL,NULL,'',NULL,NULL,NULL,NULL,'efe','deded','fefef',NULL,NULL,NULL,NULL,NULL,NULL,NULL,NULL,NULL,NULL,NULL,NULL,NULL,NULL,NULL,'','','dede',NULL,NULL,NULL,NULL,'1723616381_Screenshot (60).png',NULL,NULL,NULL,NULL,'','','dede','SAVE',NULL,NULL,NULL,NULL,NULL,NULL,NULL,NULL,NULL,NULL,NULL,NULL,NULL,NULL,NULL,NULL,NULL,NULL,NULL),(5,'C:-DE-DE-DE-DE-FE-EF-ED-DE-DE-ED-','1','dewde','1','',NULL,'',NULL,NULL,NULL,NULL,'',NULL,'ede','','red',NULL,NULL,'',NULL,NULL,NULL,NULL,'efe','deded','fefef',NULL,NULL,NULL,NULL,NULL,NULL,NULL,NULL,NULL,NULL,NULL,NULL,NULL,NULL,NULL,'','','dede',NULL,NULL,NULL,NULL,'1723616386_Screenshot (60).png',NULL,NULL,NULL,NULL,'','','dede','SAVE',NULL,NULL,NULL,NULL,NULL,NULL,NULL,NULL,NULL,NULL,NULL,NULL,NULL,NULL,NULL,NULL,NULL,NULL,NULL),(6,'C:-DE-DE-DE-DE-FE-EF-ED-DE-DE-ED-','1','dewde','1','',NULL,'',NULL,NULL,NULL,NULL,'',NULL,'ede','','red',NULL,NULL,'',NULL,NULL,NULL,NULL,'efe','deded','fefef',NULL,NULL,NULL,NULL,NULL,NULL,NULL,NULL,NULL,NULL,NULL,NULL,NULL,NULL,NULL,'','','dede',NULL,NULL,NULL,NULL,'1723616386_Screenshot (60).png',NULL,NULL,NULL,NULL,'','','dede','SAVE',NULL,NULL,NULL,NULL,NULL,NULL,NULL,NULL,NULL,NULL,NULL,NULL,NULL,NULL,NULL,NULL,NULL,NULL,NULL),(7,'C:-DE-DE-DE-DE-FE-EF-ED-DE-DE-ED-','1','dewde','1','',NULL,'',NULL,NULL,NULL,NULL,'',NULL,'ede','','red',NULL,NULL,'',NULL,NULL,NULL,NULL,'efe','deded','fefef',NULL,NULL,NULL,NULL,NULL,NULL,NULL,NULL,NULL,NULL,NULL,NULL,NULL,NULL,NULL,'','','dede',NULL,NULL,NULL,NULL,'1723616390_Screenshot (60).png',NULL,NULL,NULL,NULL,'','','dede','SAVE',NULL,NULL,NULL,NULL,NULL,NULL,NULL,NULL,NULL,NULL,NULL,NULL,NULL,NULL,NULL,NULL,NULL,NULL,NULL),(8,'C:-DE-DE-DE-DE-FE-EF-ED-DE-DE-ED-','1','dewde','1','',NULL,'',NULL,NULL,NULL,NULL,'',NULL,'ede','','red',NULL,NULL,'',NULL,NULL,NULL,NULL,'efe','deded','fefef',NULL,NULL,NULL,NULL,NULL,NULL,NULL,NULL,NULL,NULL,NULL,NULL,NULL,NULL,NULL,'','','dede',NULL,NULL,NULL,NULL,'1723616390_Screenshot (60).png',NULL,NULL,NULL,NULL,'','','dede','SAVE',NULL,NULL,NULL,NULL,NULL,NULL,NULL,NULL,NULL,NULL,NULL,NULL,NULL,NULL,NULL,NULL,NULL,NULL,NULL),(9,'C:-DE-DE-DE-DE-FE-EF-ED-DE-DE-ED-','1','dewde','1','',NULL,'',NULL,NULL,NULL,NULL,'',NULL,'ede','','red',NULL,NULL,'',NULL,NULL,NULL,NULL,'efe','deded','fefef',NULL,NULL,NULL,NULL,NULL,NULL,NULL,NULL,NULL,NULL,NULL,NULL,NULL,NULL,NULL,'','','dede',NULL,NULL,NULL,NULL,'1723616390_Screenshot (60).png',NULL,NULL,NULL,NULL,'','','dede','SAVE',NULL,NULL,NULL,NULL,NULL,NULL,NULL,NULL,NULL,NULL,NULL,NULL,NULL,NULL,NULL,NULL,NULL,NULL,NULL),(10,'C:-DE-DE-DE-DE-FE-EF-ED-DE-DE-ED-','1','dewde','1','price','si unit','material',NULL,'Finish_type','Half_Full_Thread','Holder_Thread','',NULL,'ede','','red',NULL,NULL,'',NULL,NULL,NULL,NULL,'efe','deded','fefef',NULL,NULL,NULL,NULL,NULL,NULL,NULL,NULL,NULL,NULL,NULL,NULL,NULL,NULL,NULL,'','','dede',NULL,NULL,NULL,NULL,'1723616390_Screenshot (60).png',NULL,NULL,NULL,NULL,'','','dede','SAVE',NULL,NULL,NULL,NULL,NULL,NULL,NULL,NULL,NULL,NULL,NULL,NULL,NULL,NULL,NULL,NULL,NULL,NULL,NULL),(11,'C:-DE-DE-DE-DE-FE-EF-ED-DE-DE-ED-','1','dewde','1','',NULL,'',NULL,NULL,NULL,NULL,'',NULL,'ede','','red',NULL,NULL,'',NULL,NULL,NULL,NULL,'efe','deded','fefef',NULL,NULL,NULL,NULL,NULL,NULL,NULL,NULL,NULL,NULL,NULL,NULL,NULL,NULL,NULL,'','','dede',NULL,NULL,NULL,NULL,'1723616390_Screenshot (60).png',NULL,NULL,NULL,NULL,'','','dede','SAVE',NULL,NULL,NULL,NULL,NULL,NULL,NULL,NULL,NULL,NULL,NULL,NULL,NULL,NULL,NULL,NULL,NULL,NULL,NULL),(12,'C:-DE-DE-DE-DE-FE-EF-ED-DE-DE-ED-','1','dewde','1','',NULL,'',NULL,NULL,NULL,NULL,'',NULL,'ede','','red',NULL,NULL,'',NULL,NULL,NULL,NULL,'efe','deded','fefef',NULL,NULL,NULL,NULL,NULL,NULL,NULL,NULL,NULL,NULL,NULL,NULL,NULL,NULL,NULL,'','','dede',NULL,NULL,NULL,NULL,'1723616391_Screenshot (60).png',NULL,NULL,NULL,NULL,'','','dede','SAVE',NULL,NULL,NULL,NULL,NULL,NULL,NULL,NULL,NULL,NULL,NULL,NULL,NULL,NULL,NULL,NULL,NULL,NULL,NULL),(13,'C:-DE-DE-DE-DE-FE-EF-ED-DE-DE-ED-','1','dewde','1','',NULL,'',NULL,NULL,NULL,NULL,'',NULL,'ede','','red',NULL,NULL,'',NULL,NULL,NULL,NULL,'efe','deded','fefef',NULL,NULL,NULL,NULL,NULL,NULL,NULL,NULL,NULL,NULL,NULL,NULL,NULL,NULL,NULL,'','','dede',NULL,NULL,NULL,NULL,'1723616391_Screenshot (60).png',NULL,NULL,NULL,NULL,'','','dede','SAVE',NULL,NULL,NULL,NULL,NULL,NULL,NULL,NULL,NULL,NULL,NULL,NULL,NULL,NULL,NULL,NULL,NULL,NULL,NULL),(14,'C:-DE-DE-DE-DE-FE-EF-ED-DE-DE-ED-','1','dewde','1','',NULL,'',NULL,NULL,NULL,NULL,'',NULL,'ede','','red',NULL,NULL,'',NULL,NULL,NULL,NULL,'efe','deded','fefef',NULL,NULL,NULL,NULL,NULL,NULL,NULL,NULL,NULL,NULL,NULL,NULL,NULL,NULL,NULL,'','','dede',NULL,NULL,NULL,NULL,'1723616391_Screenshot (60).png',NULL,NULL,NULL,NULL,'','','dede','SAVE',NULL,NULL,NULL,NULL,NULL,NULL,NULL,NULL,NULL,NULL,NULL,NULL,NULL,NULL,NULL,NULL,NULL,NULL,NULL),(15,'C:-DE-DE-DE-DE-FE-EF-ED-DE-DE-ED-','1','dewde','1','',NULL,'',NULL,NULL,NULL,NULL,'',NULL,'ede','','red',NULL,NULL,'',NULL,NULL,NULL,NULL,'efe','deded','fefef',NULL,NULL,NULL,NULL,NULL,NULL,NULL,NULL,NULL,NULL,NULL,NULL,NULL,NULL,NULL,'','','dede',NULL,NULL,NULL,NULL,'1723616391_Screenshot (60).png',NULL,NULL,NULL,NULL,'','','dede','SAVE',NULL,NULL,NULL,NULL,NULL,NULL,NULL,NULL,NULL,NULL,NULL,NULL,NULL,NULL,NULL,NULL,NULL,NULL,NULL),(16,'C:-DE-DE-DE-DE-FE-EF-ED-DE-DE-ED-','1','dewde','1','',NULL,'',NULL,NULL,NULL,NULL,'',NULL,'ede','','red',NULL,NULL,'',NULL,NULL,NULL,NULL,'efe','deded','fefef',NULL,NULL,NULL,NULL,NULL,NULL,NULL,NULL,NULL,NULL,NULL,NULL,NULL,NULL,NULL,'','','dede',NULL,NULL,NULL,NULL,'1723616391_Screenshot (60).png',NULL,NULL,NULL,NULL,'','','dede','SAVE',NULL,NULL,NULL,NULL,NULL,NULL,NULL,NULL,NULL,NULL,NULL,NULL,NULL,NULL,NULL,NULL,NULL,NULL,NULL),(17,'C:-DE-DE-DE-DE-FE-EF-ED-DE-DE-ED-','1','dewde','1','',NULL,'',NULL,NULL,NULL,NULL,'',NULL,'ede','','red',NULL,NULL,'',NULL,NULL,NULL,NULL,'efe','deded','fefef',NULL,NULL,NULL,NULL,NULL,NULL,NULL,NULL,NULL,NULL,NULL,NULL,NULL,NULL,NULL,'','','dede',NULL,NULL,NULL,NULL,'1723616391_Screenshot (60).png',NULL,NULL,NULL,NULL,'','','dede','SAVE',NULL,NULL,NULL,NULL,NULL,NULL,NULL,NULL,NULL,NULL,NULL,NULL,NULL,NULL,NULL,NULL,NULL,NULL,NULL),(18,'C:-DE-DE-DE-DE-FE-EF-ED-DE-DE-ED-','1','dewde','1','',NULL,'',NULL,NULL,NULL,NULL,'',NULL,'ede','','red',NULL,NULL,'',NULL,NULL,NULL,NULL,'efe','deded','fefef',NULL,NULL,NULL,NULL,NULL,NULL,NULL,NULL,NULL,NULL,NULL,NULL,NULL,NULL,NULL,'','','dede',NULL,NULL,NULL,NULL,'1723616391_Screenshot (60).png',NULL,NULL,NULL,NULL,'','','dede','SAVE',NULL,NULL,NULL,NULL,NULL,NULL,NULL,NULL,NULL,NULL,NULL,NULL,NULL,NULL,NULL,NULL,NULL,NULL,NULL),(19,'C:-5T-5T-T5-5T-5-T5-5T-5-T-5T-','1','5t5t5','1','',NULL,'',NULL,NULL,NULL,NULL,'',NULL,'5t5','','red',NULL,NULL,'',NULL,NULL,NULL,NULL,'t5t','t5t','5',NULL,NULL,NULL,NULL,NULL,NULL,NULL,NULL,NULL,NULL,NULL,NULL,NULL,NULL,NULL,'','','5t',NULL,NULL,NULL,NULL,'1723616455_Screenshot (60).png',NULL,NULL,NULL,NULL,'','','5t5t','SAVE',NULL,NULL,NULL,NULL,NULL,NULL,NULL,NULL,NULL,NULL,NULL,NULL,NULL,NULL,NULL,NULL,NULL,NULL,NULL),(20,'C:-5T-5T-T5-5T-5-T5-5T-5-T5-5T-','1','5t5t5','1','',NULL,'',NULL,NULL,NULL,NULL,'',NULL,'5t5','','red',NULL,NULL,'',NULL,NULL,NULL,NULL,'t5t','t5t','5',NULL,NULL,NULL,NULL,NULL,NULL,NULL,NULL,NULL,NULL,NULL,NULL,NULL,NULL,NULL,'','','5t',NULL,NULL,NULL,NULL,'1723616466_Screenshot (60).png',NULL,NULL,NULL,NULL,'','','5t5t','SAVE',NULL,NULL,NULL,NULL,NULL,NULL,NULL,NULL,NULL,NULL,NULL,NULL,NULL,NULL,NULL,NULL,NULL,NULL,NULL),(21,'C:-RF-R-R4-34-R4-R4-R4-R4-RR-4R-','1','r','1','',NULL,'',NULL,NULL,NULL,NULL,'',NULL,'r4r4r4r4r','','red',NULL,NULL,'',NULL,NULL,NULL,NULL,'r4r4r','r4r','r4r',NULL,NULL,NULL,NULL,NULL,NULL,NULL,NULL,NULL,NULL,NULL,NULL,NULL,NULL,NULL,'','','rf34rf34r',NULL,NULL,NULL,NULL,'1723616611_Screenshot (60).png',NULL,NULL,NULL,NULL,'','','34r','SAVE',NULL,NULL,NULL,NULL,NULL,NULL,NULL,NULL,NULL,NULL,NULL,NULL,NULL,NULL,NULL,NULL,NULL,NULL,NULL),(22,'C:-5T-Y-6Y-65-6-6Y-6Y-Y6-6Y-6Y-','1','y','1','',NULL,'',NULL,NULL,NULL,NULL,'',NULL,'6y','','red',NULL,NULL,'',NULL,NULL,NULL,NULL,'6y','6y6y','6',NULL,NULL,NULL,NULL,NULL,NULL,NULL,NULL,NULL,NULL,NULL,NULL,NULL,NULL,NULL,'','','5ty5',NULL,NULL,NULL,NULL,'1723616651_Screenshot (60).png',NULL,NULL,NULL,NULL,'','','65y','SAVE',NULL,NULL,NULL,NULL,NULL,NULL,NULL,NULL,NULL,NULL,NULL,NULL,NULL,NULL,NULL,NULL,NULL,NULL,NULL),(23,'C:-VE-SH-WA-DI-SH-SI-BR-IM-LO-LI-','1','shortDescription','1','',NULL,'',NULL,NULL,NULL,NULL,'',NULL,'Brand','','red',NULL,NULL,'',NULL,NULL,NULL,NULL,'Size','Watt','shape',NULL,NULL,NULL,NULL,NULL,NULL,NULL,NULL,NULL,NULL,NULL,NULL,NULL,NULL,NULL,'','','vendor',NULL,NULL,NULL,NULL,'1723617961_Screenshot (60).png',NULL,NULL,NULL,NULL,'','','discount','SAVE',NULL,NULL,NULL,NULL,NULL,NULL,NULL,NULL,NULL,NULL,NULL,NULL,NULL,NULL,NULL,NULL,NULL,NULL,NULL),(24,'C:-TT-5T-T5-5T-T-T5-5T-T5-T5-T5-','1','5t5','1','',NULL,'',NULL,NULL,NULL,NULL,'',NULL,'5t5t','','red',NULL,NULL,'',NULL,NULL,NULL,NULL,'t5t5','t5t','t',NULL,NULL,NULL,NULL,NULL,NULL,NULL,NULL,NULL,NULL,NULL,NULL,NULL,NULL,NULL,'','','tt5t',NULL,NULL,NULL,NULL,'1723617981_Screenshot (60).png',NULL,NULL,NULL,NULL,'','','5t5t','SAVE',NULL,NULL,NULL,NULL,NULL,NULL,NULL,NULL,NULL,NULL,NULL,NULL,NULL,NULL,NULL,NULL,NULL,NULL,NULL),(25,'C:-TT-5T-T5-5T-T-T5-5T-T5-T5-T5-','1','5t5','1','',NULL,'',NULL,NULL,NULL,NULL,'',NULL,'5t5t','','red',NULL,NULL,'',NULL,NULL,NULL,NULL,'t5t5','t5t','t',NULL,NULL,NULL,NULL,NULL,NULL,NULL,NULL,NULL,NULL,NULL,NULL,NULL,NULL,NULL,'','','tt5t',NULL,NULL,NULL,NULL,'1723617993_Screenshot (60).png',NULL,NULL,NULL,NULL,'','','5t5t','SAVE',NULL,NULL,NULL,NULL,NULL,NULL,NULL,NULL,NULL,NULL,NULL,NULL,NULL,NULL,NULL,NULL,NULL,NULL,NULL),(26,'C:-R4-R4-R4-4-4-R4-R4-R-GT-DF-','1','r4','1','',NULL,'',NULL,NULL,NULL,NULL,'',NULL,'r4','','red',NULL,NULL,'',NULL,NULL,NULL,NULL,'r4','r4r','4',NULL,NULL,NULL,NULL,NULL,NULL,NULL,NULL,NULL,NULL,NULL,NULL,NULL,NULL,NULL,'','','r4',NULL,NULL,NULL,NULL,'1723618012_Screenshot (60).png',NULL,NULL,NULL,NULL,'','','4','SAVE',NULL,NULL,NULL,NULL,NULL,NULL,NULL,NULL,NULL,NULL,NULL,NULL,NULL,NULL,NULL,NULL,NULL,NULL,NULL),(27,'C:-U6-U6-U6-U6-6U-U6-U6-6-6U-U-','1','u6u6','1','',NULL,'',NULL,NULL,NULL,NULL,'',NULL,'u6u','','red',NULL,NULL,'',NULL,NULL,NULL,NULL,'u6u6','u6u','6u6',NULL,NULL,NULL,NULL,NULL,NULL,NULL,NULL,NULL,NULL,NULL,NULL,NULL,NULL,NULL,'','','u6',NULL,NULL,NULL,NULL,'1723618045_Screenshot (60).png',NULL,NULL,NULL,NULL,'','','u6','SAVE',NULL,NULL,NULL,NULL,NULL,NULL,NULL,NULL,NULL,NULL,NULL,NULL,NULL,NULL,NULL,NULL,NULL,NULL,NULL),(28,'C:-VE-SH-WA-DI-SH-SI-BR-IM-LO-LI-','1','shortDescription','1','',NULL,'',NULL,NULL,NULL,NULL,'',NULL,'Brand','','red',NULL,NULL,'',NULL,NULL,NULL,NULL,'Size','Watt','shape',NULL,NULL,NULL,NULL,NULL,NULL,NULL,NULL,NULL,NULL,NULL,NULL,NULL,NULL,NULL,'','','vendor',NULL,NULL,NULL,NULL,'1723618126_Screenshot (60).png',NULL,NULL,NULL,NULL,'','','discount','SAVE',NULL,NULL,NULL,NULL,NULL,NULL,NULL,NULL,NULL,NULL,NULL,NULL,NULL,NULL,NULL,NULL,NULL,NULL,NULL),(29,'C:-VE-SH-WA-DI-SH-SI-BR-IM-LO-LI-','1','shortDescription','1','',NULL,'',NULL,NULL,NULL,NULL,'',NULL,'Brand','','red',NULL,NULL,'',NULL,NULL,NULL,NULL,'Size','Watt','shape',NULL,NULL,NULL,NULL,NULL,NULL,NULL,NULL,NULL,NULL,NULL,NULL,NULL,NULL,NULL,'','','vendor',NULL,NULL,NULL,NULL,'1723618264_Screenshot (60).png',NULL,NULL,NULL,NULL,'','','discount','SAVE',NULL,NULL,NULL,NULL,NULL,NULL,NULL,NULL,NULL,NULL,NULL,NULL,NULL,NULL,NULL,NULL,NULL,NULL,NULL),(30,'C:-TR-T5-5-5-T5-5T-T5-T5-5T-5T-','1','t5t','1','',NULL,'',NULL,NULL,NULL,NULL,'',NULL,'t5t5t','5t','red',NULL,NULL,'',NULL,NULL,NULL,NULL,'5t5t5','5','t5t',NULL,NULL,NULL,NULL,NULL,NULL,NULL,NULL,NULL,NULL,NULL,NULL,NULL,NULL,NULL,'','','tr4',NULL,NULL,NULL,NULL,'1723618768_Screenshot (60).png',NULL,NULL,NULL,NULL,'','','5','SAVE',NULL,NULL,NULL,NULL,NULL,NULL,NULL,NULL,NULL,NULL,NULL,NULL,NULL,NULL,NULL,NULL,NULL,NULL,NULL),(31,'C:-TR-T5-5-5-T5-5T-T5-T5-LI-5T-','1','t5t','1','',NULL,'',NULL,NULL,NULL,NULL,'',NULL,'t5t5t','light   output color','red',NULL,NULL,'',NULL,NULL,NULL,NULL,'5t5t5','5','t5t',NULL,NULL,NULL,NULL,NULL,NULL,NULL,NULL,NULL,NULL,NULL,NULL,NULL,NULL,NULL,'','','tr4',NULL,NULL,NULL,NULL,'1723618788_Screenshot (60).png',NULL,NULL,NULL,NULL,'','','5','SAVE',NULL,NULL,NULL,NULL,NULL,NULL,NULL,NULL,NULL,NULL,NULL,NULL,NULL,NULL,NULL,NULL,NULL,NULL,NULL),(32,'C:-T5-T-55-T5-T5-5T-5T-5T-5-T5-','1','t','1','',NULL,'',NULL,NULL,NULL,NULL,'',NULL,'5t','5','red',NULL,NULL,'',NULL,NULL,NULL,NULL,'5tt5t','55t','t5',NULL,NULL,NULL,NULL,NULL,NULL,NULL,NULL,NULL,NULL,NULL,NULL,NULL,NULL,NULL,'','','t5',NULL,NULL,NULL,NULL,'1723618979_Screenshot (60).png','createdBy',NULL,NULL,NULL,'','','t5','SAVE',NULL,NULL,NULL,NULL,NULL,NULL,NULL,NULL,NULL,NULL,NULL,NULL,NULL,NULL,NULL,NULL,NULL,NULL,NULL),(33,'C:-T5-T-55-T5-T5-5T-5T-5T-5-T5-','1','t','1','',NULL,'',NULL,NULL,NULL,NULL,'',NULL,'5t','5','red',NULL,NULL,'',NULL,NULL,NULL,NULL,'5tt5t','55t','t5',NULL,NULL,NULL,NULL,NULL,NULL,NULL,NULL,NULL,NULL,NULL,NULL,NULL,NULL,NULL,'','','t5',NULL,NULL,NULL,NULL,'1723619040_Screenshot (60).png','createdBy',NULL,NULL,NULL,'','','t5','SAVE','24-08-14',NULL,NULL,NULL,NULL,NULL,NULL,NULL,NULL,NULL,NULL,NULL,NULL,NULL,NULL,NULL,NULL,NULL,NULL),(34,'C:-T5-SH-55-T5-T5-5T-5T-5T-5-T5-','1','short discription','1','',NULL,'',NULL,NULL,NULL,NULL,'',NULL,'5t','5','red',NULL,NULL,'',NULL,NULL,NULL,NULL,'5tt5t','55t','t5',NULL,NULL,NULL,NULL,NULL,NULL,NULL,NULL,NULL,NULL,NULL,NULL,NULL,NULL,NULL,'','','t5',NULL,NULL,NULL,NULL,'1723619159_Screenshot (60).png','createdBy',NULL,NULL,NULL,'','','t5','SAVE','24-08-14',NULL,NULL,NULL,NULL,NULL,NULL,NULL,NULL,NULL,NULL,NULL,NULL,NULL,NULL,NULL,NULL,NULL,NULL),(35,'C:-T4-4T-4T-T4-4-R3-T4-4T-4T-T-','1','4t',NULL,'','','','','','','','','','t4t','4t4','red','','','','','','','','r3r3r','4t4','4','','','','','','','','',NULL,'','','','','','','','','t4','','','',NULL,'1723624868_Screenshot (60).png','createdBy',NULL,'departement',NULL,'','','','inRunning','24-08-14','',NULL,'','','','',NULL,'','','1',NULL,NULL,NULL,NULL,NULL,NULL,NULL,NULL),(36,'C:-T4-4T-4T-T4-4-R3-T4-4T-4T-T-','1','4t',NULL,'','','','','','','','','','t4t','4t4','red','','','','','','','','r3r3r','4t4','4','','','','','','','','',NULL,'','','','','','','','','t4','','','',NULL,'1723624871_Screenshot (60).png','createdBy',NULL,'departement',NULL,'','','','SAVE','24-08-14','',NULL,'','','','',NULL,'','','1',NULL,NULL,NULL,NULL,NULL,NULL,NULL,NULL),(37,'C:-T4-4T-4T-T4-4-R3-T4-4T-4T-T-','1','4t',NULL,'','','','','','','','','','t4t','4t4','red','','','','','','','','r3r3rhthtyhhh','4t4','4','','','','','','','','',NULL,'','','','','','','','','t4','','','',NULL,'1723624881_Screenshot (60).png','createdBy',NULL,'departement',NULL,'','','','SAVE','24-08-14','',NULL,'','','','',NULL,'','','1',NULL,NULL,NULL,NULL,NULL,NULL,NULL,NULL),(38,'C:-T4-4T-4T-T4-4-R3-T4-4T-4T-T-','1','4t',NULL,'','','','','','','','','','t4t','4t4','red','','','','','','','','r3r3rhthtyhhh','4t4','4','','','','','','','','',NULL,'','','','','','','','','t4','','','',NULL,'1723626846_Screenshot (60).png','createdBy',NULL,'departement',NULL,'','','','SAVE','24-08-14','',NULL,'','','','',NULL,'','','1',NULL,NULL,NULL,NULL,NULL,NULL,NULL,NULL),(39,'C:-T4-4T-4T-T4-4-R3-T4-4T-4T-T-','1','4t',NULL,'','','','','','','','','','t4t','4t4','red','','','','','','','','r3r3rhthtyhhh','4t4','4','','','','','','','','',NULL,'','','','','','','','','t4','','','',NULL,'1723626847_Screenshot (60).png','createdBy',NULL,'departement',NULL,'','','','SAVE','24-08-14','',NULL,'','','','',NULL,'','','1',NULL,NULL,NULL,NULL,NULL,NULL,NULL,NULL),(40,'C:-DF-EF-RF-EF-FR-FR-FR-RF-RF-RF-','1','ef',NULL,'','','','','','','','','','frf','rf','red','','','','','','','','fr','rfr','fr','','','','','','','','',NULL,'','','','','','','','','dfef','','','',NULL,'1723626867_Screenshot (60).png','createdBy',NULL,'departement',NULL,'','','','inRunning','24-08-14','',NULL,'','','','',NULL,'','','1',NULL,NULL,NULL,NULL,NULL,NULL,NULL,NULL),(41,'C:-DE-DE-FE-E-F-ED-EF-EF-E-FE-','1','de',NULL,'','','','','','','','','','ef','e','red','','','','','','','','ed','fef','f','','','','','','','','',NULL,'','','','','','','','','de','','','',NULL,'1723626899_Screenshot (60).png','createdBy',NULL,'departement',NULL,'','','','inRunning','24-08-14','',NULL,'','','','',NULL,'','','1',NULL,NULL,NULL,NULL,NULL,NULL,NULL,NULL),(42,'C:-DE-DE-FE-E-F-ED-EF-EF-E-FE-','1','defe',NULL,'','','','','','','','','','ef','e','red','','','','','','','','ed','feef','f','','','','','','','','',NULL,'','','','','','','','','def','','','',NULL,'1723626935_Screenshot (60).png','createdBy',NULL,'departement',NULL,'','','','SAVE','24-08-14','',NULL,'','','','',NULL,'','','1',NULL,NULL,NULL,NULL,NULL,NULL,NULL,NULL),(43,'C:-DE-DE-FE-E-F-ED-EF-EF-E-FE-','1','defe',NULL,'','','','','','','','','','ef','e','red','','','','','','','','ed','feef','f','','','','','','','','',NULL,'','','','','','','','','def','','','',NULL,'1723626936_Screenshot (60).png','createdBy',NULL,'departement',NULL,'','','','SAVE','24-08-14','',NULL,'','','','',NULL,'','','1',NULL,NULL,NULL,NULL,NULL,NULL,NULL,NULL),(44,'C:-DE-DE-FE-E-F-ED-EF-EF-E-FE-','1','defe',NULL,'','','','','','','','','','ef','e','red','','','','','','','','ed','feef','f','','','','','','','','',NULL,'','','','','','','','','def','','','',NULL,'1723626937_Screenshot (60).png','createdBy',NULL,'departement',NULL,'','','','SUBMIT','24-08-14','',NULL,'','','','',NULL,'','','1',NULL,NULL,NULL,NULL,NULL,NULL,NULL,NULL),(45,'C:-TR-TR-TR-TR-R-T-T-T-R-RR-','1','trt',NULL,'','','','','','','','','','t','r','transparent','','','','','','','','t','trt','r','','','','','','','','',NULL,'','','','','','','','','trt','','','',NULL,'1723626975_Screenshot (59).png','createdBy',NULL,'departement',NULL,'','','','inRunning','24-08-14','',NULL,'','','','',NULL,'','','1',NULL,NULL,NULL,NULL,NULL,NULL,NULL,NULL),(46,'C:-Y6-6Y-Y-Y6-Y6-6Y-Y-6Y-Y6-6Y-','1','6y66y',NULL,'','','','','','','','','','y','y6','red','','','','','','','','6y6y6','y','y6y','','','','','','','','',NULL,'','','','','','','','','y6y6','','','',NULL,'1723627002_Screenshot (60).png','createdBy',NULL,'departement',NULL,'','','','inRunning','24-08-14','',NULL,'','','','',NULL,'','','1',NULL,NULL,NULL,NULL,NULL,NULL,NULL,NULL),(47,'C:-NJ-Q-Q-Q-Q-Q-Q-Q-Q-F-','1','q',NULL,'','','','','','','','','','q','q','red','','','','','','','','q','q','q','','','','','','','','',NULL,'','','','','','','','','nj h h  ','','','',NULL,'1723627093_Screenshot 2024-08-07 120541.png','createdBy',NULL,'departement',NULL,'','','','inRunning','24-08-14','',NULL,'','','','',NULL,'','','1',NULL,NULL,NULL,NULL,NULL,NULL,NULL,NULL),(48,'C:-R3-R-FE-FE-E-FE-EF-EF-EF-FE-','1','r',NULL,'','','','','','','','','','efefef','efefeff','red','','','','','','','','fefe','fefefe','e','','','','','','','','',NULL,'','','','','','','','','r3rre','','','',NULL,'1723627150_Screenshot (60).png','createdBy',NULL,'departement',NULL,'','','','inRunning','24-08-14','',NULL,'','','','',NULL,'','','1',NULL,NULL,NULL,NULL,NULL,NULL,NULL,NULL),(49,'C:-FE-EF-EF-EF-E-FE-EF-EF-F-FE-','1','efe',NULL,'','','','','','','','','','ef','f','red','','','','','','','','fef','efe','e','','','','','','','','',NULL,'','','','','','','','','fef','','','',NULL,'1723627223_Screenshot (60).png','createdBy',NULL,'departement',NULL,'','','','inRunning','24-08-14','',NULL,'','','','',NULL,'','','1',NULL,NULL,NULL,NULL,NULL,NULL,NULL,NULL),(50,'C:-R4-R4-R4-R4-4R-RR-44-R-R-4R-4R-4R-','6','4r',NULL,'','','','','','','','','','rr','r','r44r','','','','','','','','r4','r4r','','','','','','','','','',NULL,'','','','','','','','','','','','',NULL,'1723627507_Screenshot (60).png','createdBy',NULL,'departement',NULL,'','','','SAVE','24-08-14','',NULL,'','','','',NULL,'','','4',NULL,NULL,NULL,NULL,NULL,NULL,NULL,NULL),(51,'C:-R4-R4-R4-R4-4R-RR-44-R-R-4R-4R-4R-','6','4r',NULL,'','','','','','','','','','rr','r','r44r','','','','','','','','r4','r4r','','','','','','','','','',NULL,'','','','','','','','','','','','',NULL,'1723627560_Screenshot (60).png','createdBy',NULL,'departement',NULL,'','','','SUBMIT','24-08-14','',NULL,'','','','',NULL,'','','4',NULL,NULL,NULL,NULL,NULL,NULL,NULL,NULL),(52,'C:-5T-T5-T5-T5-T-T5-T5-T5-5-T5-T5-T5-T5-','1','t5t',NULL,'t5','t5t5','','','','','','','','t5','5','','','','','','','','','t5','t5','','','','','','','','','',NULL,'','','','','','','','','','','','',NULL,'1723633513_Screenshot (60).png','createdBy',NULL,'departement',NULL,'','','','SAVE','24-08-14','',NULL,'','','','',NULL,'','','1',NULL,NULL,NULL,NULL,NULL,NULL,NULL,NULL),(53,'C:-4T-4T-4T-4T-4T-4T-TT-T-4-T4-4T-T4-4T-','1','4t',NULL,'t4t','t4','','','','','','','','tt44','4','','','','','','','','','4t','4t','','','','','','','','','',NULL,'','','','','','','','','','','','',NULL,'1723633554_Screenshot (60).png','createdBy',NULL,'departement',NULL,'','','','SAVE','24-08-14','',NULL,'','','','',NULL,'','','1',NULL,NULL,NULL,NULL,NULL,NULL,NULL,NULL),(54,'C:-4T-4T-4T-4T-4T-4T-TT-T-4-T4-4T-T4-4T-','1','4t',NULL,'t4t','t4','','','','','','','','tt44','4','','','','','','','','','4t','4t','','','','','','','','','',NULL,'','','','','','','','','','','','',NULL,'1723633560_Screenshot (60).png','createdBy',NULL,'departement',NULL,'','','','SUBMIT','24-08-14','',NULL,'','','','',NULL,'','','1',NULL,NULL,NULL,NULL,NULL,NULL,NULL,NULL),(55,'C:-R-R3-R3-3R-R-3R-3R-R3-33-3R-3R-3R-3R-','1','r33r3',NULL,'3r3','3r3','','','','','','','','3r','33','','','','','','','','','3r','r3r','','','','','','','','','',NULL,'','','','','','','','','','','','',NULL,'1723633744_Screenshot (59).png','createdBy',NULL,'departement',NULL,'','','','SAVE','24-08-14','',NULL,'','','','',NULL,'','','1',NULL,NULL,NULL,NULL,NULL,NULL,NULL,NULL),(56,'C:-Y5-Y5-5Y-5Y-5-Y5-5-FR-Y5-Y5-Y5-5Y-','1','y5y',NULL,'y5y5y','y5','','','','','','','','5','frefr','','','','','','','','','y5','5y','','','','','','','','','',NULL,'','','','','','','','','','','','',NULL,'1723633820_Screenshot (59).png','createdBy',NULL,'departement',NULL,'','','','SAVE','24-08-14','',NULL,'','','','',NULL,'','','1',NULL,NULL,NULL,NULL,NULL,NULL,NULL,NULL),(57,'C:-Y5-Y5-5Y-5Y-5-Y5-5-FR-Y5-Y5-Y5-5Y-','1','y5y',NULL,'y5y5y','y5','','','','','','','','5','frefr','','','','','','','','','y5','5y','','','','','','','','','',NULL,'','','','','','','','','','','','',NULL,'1723633821_Screenshot (59).png','createdBy',NULL,'departement',NULL,'','','','SAVE','24-08-14','',NULL,'','','','',NULL,'','','1',NULL,NULL,NULL,NULL,NULL,NULL,NULL,NULL),(58,'C:-R3-3R-3R-3R-R3-3R-RR-R3-R3-33-33-3-','1','3r3',NULL,'33r3','r3r3r3','','','','','','','','rr3','r3','','','','','','','','','3r3r','3r3','','','','','','','','','',NULL,'','','','','','','','','','','','',NULL,'1723633893_Screenshot (59).png','createdBy',NULL,'departement',NULL,'','','','SAVE','24-08-14','',NULL,'','','','',NULL,'','','1',NULL,NULL,NULL,NULL,NULL,NULL,NULL,NULL),(59,'C:-4T-T4-4-4T-4T-4T-T4-T4-4-T4-T4-4T-','1','t4t',NULL,'t4tt','4','','','','','','','','t4','t4','','','','','','','','','4t4t4','4','','','','','','','','','',NULL,'','','','','','','','','','','','',NULL,'1723633948_Screenshot (60).png','createdBy',NULL,'departement',NULL,'','','','SAVE','24-08-14','',NULL,'','','','',NULL,'','','1',NULL,NULL,NULL,NULL,NULL,NULL,NULL,NULL),(60,'C:-4T-4T-T-T4-T-T4-T4-T-4T-T-T4-4T-','1','4t4',NULL,'t4t','4t4','','','','','','','','t4t','t','','','','','','','','','t44t4','t','','','','','','','','','',NULL,'','','','','','','','','4t4','','','',NULL,'1723634107_Screenshot (60).png','createdBy',NULL,'departement',NULL,'','','','SAVE','24-08-14','',NULL,'','','','',NULL,'','','1',NULL,NULL,NULL,NULL,NULL,NULL,NULL,NULL),(61,'C:-T4-T4-T4-4T-T-T-4T-4T-4T-T4-T-4-','1','t4t',NULL,'t','4t','','','','','','','','4t4t','4t','','','','','','','','','t','t4t','','','','','','','','','',NULL,'','','','','','','','','t4','','','',NULL,'1723634169_Screenshot (60).png','createdBy',NULL,'departement',NULL,'','','','SAVE','24-08-14','',NULL,'','','','',NULL,'','','1',NULL,NULL,NULL,NULL,NULL,NULL,NULL,NULL),(62,'C:-T4-T4-T4-4T-T-T-4T-4T-4T-T4-T-4-','1','t4t',NULL,'t','4t','','','','','','','','4t4t','4t','red','','','','','','','','t','t4t','','','','','','','','','',NULL,'','','','','','','','','t4','','','',NULL,'1723634257_Screenshot (60).png','createdBy',NULL,'departement',NULL,'','','','SAVE','24-08-14','',NULL,'','','','',NULL,'','','1',NULL,NULL,NULL,NULL,NULL,NULL,NULL,NULL),(63,'C:-T4-T4-4-4T-T4-T4-T4-T4-T4-4T-T4-T4-','1','t4t',NULL,'t4','t4','','','','','','','','t4t4','t4','red','','','','','','','','t4','4','','','','','','','','','',NULL,'','','','','','','','','t4','','','',NULL,'1723637926_Screenshot (59).png','createdBy',NULL,'departement',NULL,'','','','SAVE','24-08-14','',NULL,'','','','',NULL,'','','1',NULL,NULL,NULL,NULL,NULL,NULL,NULL,NULL),(64,'C:-MB-JB-J-BJ-BH-BJ-HJ-BH-HB-HB-HB-HB-HB-','1','hjb',NULL,'hb','','mbhj','','','','','','','hb','bhbb','jbj','','','bh','','','','','j','','','','','','','','','','',NULL,'','','','','','','hb','bj','bjb','','','',NULL,'1723638017_Screenshot 2024-08-07 134307.png','createdBy',NULL,'departement',NULL,'','','','inRunning','24-08-14','',NULL,'','','','',NULL,'','','3',NULL,NULL,NULL,NULL,NULL,NULL,NULL,NULL),(65,'C:-HG-H-GH-BH-BH-HV-V-H-H-HJ-H-','1','bh',NULL,'h','h','hv','','','','','v','','ghj','','h','','','','','','','','hg','','','','','','','','','','',NULL,'','','','','','','','','bhj','','','',NULL,'1723638068_Screenshot 2024-08-07 134307.png','createdBy',NULL,'departement',NULL,'','','','SAVE','24-08-14','',NULL,'','','','',NULL,'','','2',NULL,NULL,NULL,NULL,NULL,NULL,NULL,NULL),(66,'C:-JB-B-BJ-HJ-JH-HB-JH-HB-HB-HJ-BJ-BB-','1','b',NULL,'bjk','hb','','','','','','','','jhb','hb','red','','','','','','','','hb','bjhb','','','','','','','','','',NULL,'','','','','','','','','jbjb','','','',NULL,'1723638109_Screenshot 2024-08-13 173252.png','createdBy',NULL,'departement',NULL,'','','','SAVE','24-08-14','',NULL,'','','','',NULL,'','','1',NULL,NULL,NULL,NULL,NULL,NULL,NULL,NULL),(67,'C:-YT-TY-T-Y-TY-TY-TY-YT-YT-YT-TT-TY-','1','ty',NULL,'tty','yty','','','','','','','','ty','ytyt','red','','','','','','','','ty','t','','','','','','','','','',NULL,'','','','','','','','','yt','','','',NULL,'1723638327_Screenshot (60).png','createdBy',NULL,'departement',NULL,'','','','SAVE','24-08-14','',NULL,'','','','',NULL,'','','1',NULL,NULL,NULL,NULL,NULL,NULL,NULL,NULL),(68,'C:-Y6-Y6-Y6-Y6-6-Y6-6Y-Y6-Y6-6-Y6-6Y-6Y-6Y-6Y-Y6-Y6-','6','6',NULL,'y6y','y6y6','','','y6y','','','','','y6y6','','y6y6','6y6','y6','','','6','y6y6y','','','','','','','6y','6y6y','','y6y','','',NULL,'','','','','','','','','y6y6y6','','','',NULL,'1723638651_Screenshot (59).png','createdBy',NULL,'departement',NULL,'','','','SAVE','24-08-14','',NULL,'','','','',NULL,'','','6',NULL,NULL,NULL,NULL,NULL,NULL,NULL,NULL),(69,'C:-JH-JH-JH-B-H-HB-HG-HB-BH-HB-HB-HB-HB-HB-JK-NN-B-','6','h',NULL,'b','hb','','','hg','','','','','jhg','','jh','hb','bh','','','hb','hb','','','','','','','hb','hb','','hb','','',NULL,'','','','','','','','','b','','','',NULL,'1723638690_Screenshot 2024-08-07 134307.png','createdBy',NULL,'departement',NULL,'','','','SAVE','24-08-14','',NULL,'','','','',NULL,'','','4',NULL,NULL,NULL,NULL,NULL,NULL,NULL,NULL),(70,'C:-JH-JH-JH-B-H-HB-HG-HB-BH-HB-HB-HB-HB-HB-JK-NN-B-','6','h',NULL,'b','hb','','','hg','','','','','jhg','','jh','hb','bh','','','hb','hb','','','','','','','hb','hb','','hb','','',NULL,'','','','','','','','','b','','','',NULL,'1723638691_Screenshot 2024-08-07 134307.png','createdBy',NULL,'departement',NULL,'','','','SAVE','24-08-14','',NULL,'','','','',NULL,'','','4',NULL,NULL,NULL,NULL,NULL,NULL,NULL,NULL),(71,'C:-JH-JH-JH-B-H-HB-HG-HB-BH-HB-HB-HB-HB-HB-JK-NN-B-','6','h',NULL,'b','hb','','','hg','','','','','jhg','','jh','hb','bh','','','hb','hb','','','','','','','hb','hb','','hb','','',NULL,'','','','','','','','','b','','','',NULL,'1723638694_Screenshot 2024-08-07 134307.png','createdBy',NULL,'departement',NULL,'','','','SUBMIT','24-08-14','',NULL,'','','','',NULL,'','','4',NULL,NULL,NULL,NULL,NULL,NULL,NULL,NULL),(72,'C:-KJ-KJ-H-VH-HB-HB-HG-HB-YF-HB-HJ-RD-HH-KJ-H-H-JH-','6','hb',NULL,'jh','hb','','','hg','','','','','h','','kj','hb','yf','','','hjj','rd','','','','','','','kjh','hh','','hb','','',NULL,'','','','','','','','','vhb','','','',NULL,'1723638751_Screenshot 2024-08-13 173252.png','createdBy',NULL,'departement',NULL,'','','','SAVE','24-08-14','',NULL,'','','','',NULL,'','','4',NULL,NULL,NULL,NULL,NULL,NULL,NULL,NULL),(73,'C:-KJ-KJ-H-VH-HB-HB-HG-HB-YF-HB-HJ-RD-HH-KJ-H-H-JH-','6','hb',NULL,'jh','hb','','','hg','','','','','h','','kj','hb','yf','','','hjj','rd','','','','','','','kjh','hh','','hb','','',NULL,'','','','','','','','','vhb','','','',NULL,'1723638752_Screenshot 2024-08-13 173252.png','createdBy',NULL,'departement',NULL,'','','','SAVE','24-08-14','',NULL,'','','','',NULL,'','','4',NULL,NULL,NULL,NULL,NULL,NULL,NULL,NULL),(74,'C:-KJ-KJ-H-VH-HB-HB-HG-HB-YF-HB-HJ-RD-HH-KJ-H-H-JH-','6','hb',NULL,'jh','hb','','','hg','','','','','h','','kj','hb','yf','','','hjj','rd','','','','','','','kjh','hh','','hb','','',NULL,'','','','','','','','','vhb','','','',NULL,'1723638753_Screenshot 2024-08-13 173252.png','createdBy',NULL,'departement',NULL,'','','','SAVE','24-08-14','',NULL,'','','','',NULL,'','','4',NULL,NULL,NULL,NULL,NULL,NULL,NULL,NULL),(75,'C:-KJ-KJ-H-VH-HB-HB-HG-HB-YF-HB-HJ-RD-HH-KJ-H-H-JH-','6','hb',NULL,'jh','hb','','','hg','','','','','h','','kj','hb','yf','','','hjj','rd','','','','','','','kjh','hh','','hb','','',NULL,'','','','','','','','','vhb','','','',NULL,'1723638753_Screenshot 2024-08-13 173252.png','createdBy',NULL,'departement',NULL,'','','','SAVE','24-08-14','',NULL,'','','','',NULL,'','','4',NULL,NULL,NULL,NULL,NULL,NULL,NULL,NULL),(76,'C:-KJ-KJ-H-VH-HB-HB-HG-HB-YF-HB-HJ-RD-HH-KJ-H-H-JH-','6','hb',NULL,'jh','hb','','','hg','','','','','h','','kj','hb','yf','','','hjj','rd','','','','','','','kjh','hh','','hb','','',NULL,'','','','','','','','','vhb','','','',NULL,'1723638753_Screenshot 2024-08-13 173252.png','createdBy',NULL,'departement',NULL,'','','','SAVE','24-08-14','',NULL,'','','','',NULL,'','','4',NULL,NULL,NULL,NULL,NULL,NULL,NULL,NULL),(77,'C:-KJ-KJ-H-VH-HB-HB-HG-HB-YF-HB-HJ-RD-HH-KJ-H-H-JH-','6','hb',NULL,'jh','hb','','','hg','','','','','h','','kj','hb','yf','','','hjj','rd','','','','','','','kjh','hh','','hb','','',NULL,'','','','','','','','','vhb','','','',NULL,'1723638756_Screenshot 2024-08-13 173252.png','createdBy',NULL,'departement',NULL,'','','','SUBMIT','24-08-14','',NULL,'','','','',NULL,'','','4',NULL,NULL,NULL,NULL,NULL,NULL,NULL,NULL),(78,'C:-T4-T4-4T-4T-T4-T4-T4-4T-T4-4T-4T-T4-T4-4T-T-T4-T4-','6','t4t',NULL,'t4','t4t4','','','t4','','','','','4t4t4','','t4','t4t','4t4','','','4t','4t4t4','','','','','','','t4t','t4','','t4t','','',NULL,'','','','','','','','','4t4t','','','',NULL,'1723638900_Screenshot (60).png','createdBy',NULL,'departement',NULL,'','','','SAVE','24-08-14','',NULL,'','','','',NULL,'','','6',NULL,NULL,NULL,NULL,NULL,NULL,NULL,NULL),(79,'C:-JH-UY-JH-BH-BH-KJ-HH-HB-H-HB-H-HB-H-HB-H-JK-H-','6','bh',NULL,'h','kj','','','hh','','','','','jhb','','jhg','hb','h','','','h','hb','','','','','','','hb','h','','hb','','',NULL,'','','','','','','','','bh','','','',NULL,'1723638983_Screenshot 2024-08-10 142907.png','createdBy',NULL,'departement',NULL,'','','','SAVE','24-08-14','',NULL,'','','','',NULL,'','','4',NULL,NULL,NULL,NULL,NULL,NULL,NULL,NULL),(80,'C:-JH-UY-JH-BH-BH-KJ-HH-HB-H-HB-H-HB-H-HB-H-JK-H-','6','bh',NULL,'h','kj','','','hh','','','','','jhb','','jhg','hb','h','','','h','hb','','','','','','','hb','h','','hb','','',NULL,'','','','','','','','','bh','','','',NULL,'1723638987_Screenshot 2024-08-10 142907.png','createdBy',NULL,'departement',NULL,'','','','SUBMIT','24-08-14','',NULL,'','','','',NULL,'','','4',NULL,NULL,NULL,NULL,NULL,NULL,NULL,NULL),(81,'C:-Y6-6Y-6Y-Y-6Y-6Y-6Y-6Y-Y6-Y6-6Y-Y-Y6-6Y-Y-Y6-6Y-','6','6y6y',NULL,'6y','6y6y','','','6y6y6y','','','','','6y','','y6y','6y6y','y6y','','','6y6y','y','','','','','','','6y6','y6y6y','','y6','','',NULL,'','','','','','','','','y','','','',NULL,'1723639035_Screenshot (60).png','createdBy',NULL,'departement',NULL,'','','','SAVE','24-08-14','',NULL,'','','','',NULL,'','','4',NULL,NULL,NULL,NULL,NULL,NULL,NULL,NULL),(82,'C:-6Y-6Y-6Y-6Y-Y6-6Y-Y6-6Y-Y6-6Y-6-Y6-6Y-Y6-6Y-6Y-Y6-','6','y6y',NULL,'6y','6y','','','y6y','','','','','6yy6','','6y','y6y6y','6y6','','','6y6','6','','','','','','','6y6y6y','y6y6y6y6y','','y6y','','',NULL,'','','','','','','','','6y6y','','','',NULL,'1723639053_Screenshot (59).png','createdBy',NULL,'departement',NULL,'','','','SAVE','24-08-14','',NULL,'','','','',NULL,'','','6',NULL,NULL,NULL,NULL,NULL,NULL,NULL,NULL),(83,'C:-5Y-5Y-Y5-55-5Y-Y5-5Y-Y-5-55-5Y-Y5-5Y-Y-5-Y5-Y5-','6','5y5',NULL,'y5y5y5','y5y5y5','','','y5y5y','','','','','55y','','5y','5y5y5','y','','','55y','5y','','','','','','','5y5y','y5y','','5','','',NULL,'','','','','','','','','y5y5y','','','',NULL,'1723639096_Screenshot (59).png','createdBy',NULL,'departement',NULL,'','','','SAVE','24-08-14','',NULL,'','','','',NULL,'','','6',NULL,NULL,NULL,NULL,NULL,NULL,NULL,NULL),(84,'C:-5Y-5Y-Y5-55-5Y-Y5-5Y-Y-5-55-5Y-Y5-5Y-Y-5-Y5-Y5-','6','5y5',NULL,'y5y5y5','y5y5y5','','','y5y5y','','','','','55y','','5y','5y5y5','y','','','55y','5y','','','','','','','5y5y','y5y','','5','','',NULL,'','','','','','','','','y5y5y','','','',NULL,'1723639097_Screenshot (59).png','createdBy',NULL,'departement',NULL,'','','','SAVE','24-08-14','',NULL,'','','','',NULL,'','','6',NULL,NULL,NULL,NULL,NULL,NULL,NULL,NULL),(85,'C:-5Y-5Y-Y5-55-5Y-Y5-5Y-Y-5-55-5Y-Y5-5Y-Y-5-Y5-Y5-','6','5y5',NULL,'y5y5y5','y5y5y5','','','y5y5y','','','','','55y','','5y','5y5y5','y','','','55y','5y','','','','','','','5y5y','y5y','','5','','',NULL,'','','','','','','','','y5y5y','','','',NULL,'1723639098_Screenshot (59).png','createdBy',NULL,'departement',NULL,'','','','SAVE','24-08-14','',NULL,'','','','',NULL,'','','6',NULL,NULL,NULL,NULL,NULL,NULL,NULL,NULL),(86,'C:-5Y-5Y-Y5-55-5Y-Y5-5Y-Y-5-55-5Y-Y5-5Y-Y-5-Y5-Y5-','6','5y5',NULL,'y5y5y5','y5y5y5','','','y5y5y','','','','','55y','','5y','5y5y5','y','','','55y','5y','','','','','','','5y5y','y5y','','5','','',NULL,'','','','','','','','','y5y5y','','','',NULL,'1723639099_Screenshot (59).png','createdBy',NULL,'departement',NULL,'','','','SAVE','24-08-14','',NULL,'','','','',NULL,'','','6',NULL,NULL,NULL,NULL,NULL,NULL,NULL,NULL),(87,'C:-T4-T4-T4-4T-T4-T4-T4-4T-TK-JK-JK-KJ-KJ-F4-4F-4F-F-','6','t4',NULL,'4f4','t4t4','','','f','','','','','4tt','','t4t4','t4t4t','4t','','','jk','jkj','','','','','','','kjkjkjk','kj','','tkjkjk','','',NULL,'','','','','','','','','t4t4','','','',NULL,'1723639125_Screenshot (60).png','createdBy',NULL,'departement',NULL,'','','','SAVE','24-08-14','',NULL,'','','','',NULL,'','','6',NULL,NULL,NULL,NULL,NULL,NULL,NULL,NULL),(88,'C:-T4-T4-4T-4T-4T-4T-T4-T4-T4-4T-TT-TT-TT-TT-T4-TT-GG-','6','4t4t4',NULL,'ttr','4t4','','','ggt','','','','','4tt','','t4t4','t4t4','t4t4','','','4t4t4','tttt','','','','','','','ttt','tttt','','t4t','','',NULL,'','','','','','','','','4t','','','',NULL,'1723639191_Screenshot (60).png','createdBy',NULL,'departement',NULL,'','','','SAVE','24-08-14','',NULL,'','','','',NULL,'','','6',NULL,NULL,NULL,NULL,NULL,NULL,NULL,NULL),(89,'C:-J-BH-JH-JH-H-JH-JH-H-JH-HJ-HJ-HJ-HJ-HJ-HJ-HJ-HJ-','6','h',NULL,'hj','jhjh','','','jhjhj','','','','','jh','','j','h','jhj','','','hj','hj','','','','','','','hj','hj','','hj','','',NULL,'','','','','','','','','jhj','','','',NULL,'1723639205_Screenshot (60).png','createdBy',NULL,'departement',NULL,'','','','SAVE','24-08-14','',NULL,'','','','',NULL,'','','4',NULL,NULL,NULL,NULL,NULL,NULL,NULL,NULL),(90,'C:-J-BH-JH-JH-H-JH-JH-H-JH-HJ-HJ-HJ-HJ-HJ-HJ-HJ-HJ-','6','h',NULL,'hj','jhjh','','','jhjhj','','','','','jh','','j','h','jhj','','','hj','hj','','','','','','','hj','hj','','hj','','',NULL,'','','','','','','','','jhj','','','',NULL,'1723639205_Screenshot (60).png','createdBy',NULL,'departement',NULL,'','','','SAVE','24-08-14','',NULL,'','','','',NULL,'','','4',NULL,NULL,NULL,NULL,NULL,NULL,NULL,NULL),(91,'C:-JF-BH-JH-JH-H-JH-JH-H-JH-HJ-HJ-HJ-HJ-HJ-HJ-HJ-HJ-','6','h',NULL,'hj','jhjh','','','jhjhj','','','','','jh','','jffrf','h','jhj','','','hj','hj','','','','','','','hj','hj','','hj','','',NULL,'','','','','','','','','jhj','','','',NULL,'1723639213_Screenshot (60).png','createdBy',NULL,'departement',NULL,'','','','SAVE','24-08-14','',NULL,'','','','',NULL,'','','4',NULL,NULL,NULL,NULL,NULL,NULL,NULL,NULL),(92,'C:-T4-T4-T4-T4-T-T-T-T-T-T-T-T-T-T-T-TT-T-','6','t',NULL,'t','t','','','t','','','','','t4t','','t4rt4','t','t','','','t','t','','','','','','','t','t','','t','','',NULL,'','','','','','','','','t4','','','',NULL,'1723639251_Screenshot (59).png','createdBy',NULL,'departement',NULL,'','','','SAVE','24-08-14','',NULL,'','','','',NULL,'','','4',NULL,NULL,NULL,NULL,NULL,NULL,NULL,NULL),(93,'C:-R4-R4-4R-R4-R4-4R-R4-4R-4R-RR-4R-R4-','1','r4',NULL,'4r4r','4r4','','','','','','','','r4r','4r4r','red','','','','','','','','4r4','4r4','','','','','','','','','',NULL,'','','','','','','','','r4r','','','',NULL,'1723639276_Screenshot (60).png','createdBy',NULL,'departement',NULL,'','','','SAVE','24-08-14','',NULL,'','','','',NULL,'','','1',NULL,NULL,NULL,NULL,NULL,NULL,NULL,NULL),(94,'C:-DD-WD-WD-DW-DW-DW-DW-DW-WD-DW-DW-DW-DW-DW-WD-DW-WD-','6','dw',NULL,'wd','dw','','','dw','','','','','wdwd','','dd','dw','wdw','','','dw','dwdw','','','','','','','dwdw','dwdw','','dwwd','','',NULL,'','','','','','','','','dwdw','','','',NULL,'1723639307_Screenshot (60).png','createdBy',NULL,'departement',NULL,'','','','SAVE','24-08-14','',NULL,'','','','',NULL,'','','4',NULL,NULL,NULL,NULL,NULL,NULL,NULL,NULL),(95,'C:-Y6-6Y-Y6-6Y-6Y-6Y-6Y-6Y-Y6-6Y-6Y-Y6-6Y-6Y-6Y-Y6-Y6-','6','6y6y',NULL,'y6y6','6y6y','','','y6y','','','','','6y6y','','y6y','6y6','6y6y6','','','6y','6y6y','','','','','','','6y','y6y6','','y6y','','',NULL,'','','','','','','','','y6y','','','',NULL,'1723639378_Screenshot (60).png','createdBy',NULL,'departement',NULL,'','','','SAVE','24-08-14','',NULL,'','','','',NULL,'','','6',NULL,NULL,NULL,NULL,NULL,NULL,NULL,NULL),(96,'C:-NJ-GH-GH-TG-GR-JK-GU-YH-YH-TG-KJ-FU-KY-TG-TJ-H-H-','6','gr',NULL,'h','jk','','','h','','','','','tg','','njkh','guguy','yhi','','','tgu1','kjhjk','','','','','','','kyhk','fuyjq','','yhkh','','',NULL,'','','','','','','','','ghj','','','',NULL,'1723639445_Screenshot (60).png','createdBy',NULL,'departement',NULL,'','','','SAVE','24-08-14','',NULL,'','','','',NULL,'','','6',NULL,NULL,NULL,NULL,NULL,NULL,NULL,NULL),(97,'C:-R4-4R-R4-4R-R4-4R-R4-R4-4R-4R-RR-R4-R4-4R-R4-R4-R4-','6','r4r4',NULL,'r4r','4r4','','','r4','','','','','4r4r','','r4r','r4r4','r4r','','','4r4','rr4r','','','','','','','r4r4','r4r4','','4r4','','',NULL,'','','','','','','','','r4r','','','',NULL,'1723639492_Screenshot (60).png','createdBy',NULL,'departement',NULL,'','','','SAVE','24-08-14','',NULL,'','','','',NULL,'','','6',NULL,NULL,NULL,NULL,NULL,NULL,NULL,NULL),(98,'C:-R4-4R-R4-4R-R4-4R-R4-R4-4R-4R-RR-R4-R4-4R-R4-R4-R4-','6','r4r4',NULL,'r4r','4r4','','','r4','','','','','4r4r','','r4r','r4r4','r4r','','','4r4','rr4r','','','','','','','r4r4','r4r4','','4r4','','',NULL,'','','','','','','','','r4r','','','',NULL,'1723639496_Screenshot (60).png','createdBy',NULL,'departement',NULL,'','','','SUBMIT','24-08-14','',NULL,'','','','',NULL,'','','6',NULL,NULL,NULL,NULL,NULL,NULL,NULL,NULL),(99,'C:-R4-4R-R4-4R-R4-4R-R4-R4-4R-4R-RR-R4-R4-4R-R4-R4-R4-','6','r4r4',NULL,'r4r','4r4','','','r4','','','','','4r4r','','r4r','r4r4','r4r','','','4r4','rr4r','','','','','','','r4r4','r4r4','','4r4','','',NULL,'','','','','','','','','r4r','','','',NULL,'1723639499_Screenshot (60).png','createdBy',NULL,'departement',NULL,'','','','SUBMIT','24-08-14','',NULL,'','','','',NULL,'','','6',NULL,NULL,NULL,NULL,NULL,NULL,NULL,NULL),(100,'C:-CO-SH-KJ-JK-JK-KJ-KJ-KJ-KJ-KJ-KJ-KJ-KJ-JK-JK-JK-FE-','6','jkj',NULL,'jkjkf','kj','','','fefefe','','','','','jkjkjk','','color','kj','kj','','','kj','kj','','','','','','','kjk','kj','','kj','','',NULL,'','','','','','','','','kjkjk','','','',NULL,'1723639538_Screenshot (60).png','createdBy',NULL,'departement',NULL,'','','','SAVE','24-08-14','',NULL,'','','','',NULL,'','','6',NULL,NULL,NULL,NULL,NULL,NULL,NULL,NULL),(101,'C:-HT-TH-HT-HT-HT-HT-HT-TH-TH-HT-HT-','1','ht',NULL,'thth','ht','hth','','','','','hth','','hth','','tht','','','','','','','','hthth','','','','','','','','','','',NULL,'','','','','','','','','htth','','','',NULL,'1723639576_Screenshot (60).png','createdBy',NULL,'departement',NULL,'','','','SAVE','24-08-14','',NULL,'','','','',NULL,'','','2',NULL,NULL,NULL,NULL,NULL,NULL,NULL,NULL),(102,'C:F-Y6Y6-Y6Y-6Y6-Y6Y6-Y6-','6','y6',NULL,'','','','','','','','','','y6y6','','y6y6','','','','','','','','','','','','','','','','','','',NULL,'','','','','','','','','6y6','','','',NULL,'1723640591_Screenshot (60).png','createdBy',NULL,'departement',NULL,'','','','SAVE','24-08-14','',NULL,'','','','',NULL,'','','6',NULL,NULL,NULL,NULL,NULL,NULL,NULL,NULL),(103,'T5-T5T5-T-5T5T-T5T5-','6','t5t5',NULL,'','','','','','','','','','t','','t5','','','','','','','','','','','','','','','','','','',NULL,'','','','','','','','','5t5t','','','',NULL,'1723640648_Screenshot (60).png','createdBy',NULL,'departement',NULL,'','','','SAVE','24-08-14','',NULL,'','','','',NULL,'','','4',NULL,NULL,NULL,NULL,NULL,NULL,NULL,NULL),(104,'Y5Y5-Y5Y5-5Y5-Y5Y5-5Y5-','6','5y5',NULL,'','','','','','','','','','5y5','','y5y5','','','','','','','','','','','','','','','','','','',NULL,'','','','','','','','','y5y5y5y','','','',NULL,'1723640691_Screenshot (60).png','createdBy',NULL,'departement',NULL,'','','','SAVE','24-08-14','',NULL,'','','','',NULL,'','','4',NULL,NULL,NULL,NULL,NULL,NULL,NULL,NULL),(105,'RED-HJKJ-HJ-HJH-JHJ-','6','jhj',NULL,'','','','','','','','','','hj','','red','','','','','','','','','','','','','','','','','','',NULL,'','','','','','','','','hjh','','','',NULL,'1723640791_Screenshot (60).png','createdBy',NULL,'departement',NULL,'','','','SAVE','24-08-14','',NULL,'','','','',NULL,'','','4',NULL,NULL,NULL,NULL,NULL,NULL,NULL,NULL),(106,'RED-SHAP-BRAN-VEND-SHOR-','6','short',NULL,'','','','','','','','','','brand','','red','','','','','','','','','','','','','','','','','','',NULL,'','','','','','','','','vendore','','','',NULL,'1723640846_Screenshot (60).png','createdBy',NULL,'departement',NULL,'','','','SAVE','24-08-14','',NULL,'','','','',NULL,'','','4',NULL,NULL,NULL,NULL,NULL,NULL,NULL,NULL),(107,'RED-SHAP-BRAN-VEND-SHOR-','6','short',NULL,'','','','','','','','','','brand','','red','','','','','','','','','','','','','','','','','','',NULL,'','','','','','','','','vendore','','','',NULL,'1723640958_Screenshot (60).png','createdBy',NULL,'departement',NULL,'','','','SUBMIT','24-08-14','',NULL,'','','','',NULL,'','','4',NULL,NULL,NULL,NULL,NULL,NULL,NULL,NULL),(108,'YELL-SHAP-BRAN-VEND-SHOR-','6','short discription',NULL,'','','','','','','','','','Brand','','Yellow','','','','','','','','','','','','','','','','','','',NULL,'','','','','','','','','Vendore','','','',NULL,'','createdBy',NULL,'departement',NULL,'','','','Save','24-08-14','',NULL,'','','','',NULL,'','','4',NULL,NULL,NULL,NULL,NULL,NULL,NULL,NULL),(109,'Y5Y5-5Y5Y-Y5Y-5Y5-Y5Y5-','1','5Y5Y',NULL,'','','','','','','','','','','','red','','','','','','','','','Y5Y','','','','','','','','','',NULL,'','','','','','','','','Y5Y5','','','',NULL,'1723641182_Screenshot (60).png','createdBy',NULL,'departement',NULL,'','','','SAVE','24-08-14','',NULL,'','','','',NULL,'','','1',NULL,NULL,NULL,NULL,NULL,NULL,NULL,NULL),(110,'I8I-8I8I-8I-8I8I-I8I-','1','8i8i',NULL,'','','','','','','','','','','','red','','','','','','','','','8i','','','','','','','','','',NULL,'','','','','','','','','i8i','','','',NULL,'1723641324_Screenshot (60).png','createdBy',NULL,'departement',NULL,'','','','SAVE','24-08-14','',NULL,'','','','',NULL,'','','1',NULL,NULL,NULL,NULL,NULL,NULL,NULL,NULL),(111,'T5T-5T5-T5T5-5-T5T5-','1','5t5',NULL,'','','','','','','','','','','','red','','','','','','','','','t5t5t','','','','','','','','','',NULL,'','','','','','','','','t5t','','','',NULL,'1723641465_Screenshot (60).png','createdBy',NULL,'departement',NULL,'','','','SAVE','24-08-14','',NULL,'','','','',NULL,'','','1',NULL,NULL,NULL,NULL,NULL,NULL,NULL,NULL),(112,'U7U7-U7U7-U7U7-7U7-7-','6','7',NULL,'','','','','','','','','','u7u7','','u7u7','','','','','','','','','','','','','','','','','','',NULL,'','','','','','','','','7u7','','','',NULL,'1723641508_Screenshot (60).png','createdBy',NULL,'departement',NULL,'','','','SAVE','24-08-14','',NULL,'','','','',NULL,'','','4',NULL,NULL,NULL,NULL,NULL,NULL,NULL,NULL),(113,'','7','',NULL,'','','','','','','','','','','','','','','','','','','','','','','','','','','','','','',NULL,'','','','','','','','','','','','',NULL,'1723726375_Screenshot (60).png','createdBy',NULL,'departement',NULL,'','','','SAVE','24-08-15','',NULL,'','','','',NULL,'','','',NULL,NULL,NULL,NULL,NULL,NULL,NULL,NULL),(114,'R-JIJI-JI-JI-JI-','1','jiji',NULL,'','','','','','','','','','','','red','','','','','','','','','ji','','','','','','','','','',NULL,'','','','','','','','','r','','','',NULL,'','createdBy',NULL,'departement',NULL,'','','','Save','24-08-15','',NULL,'','','','',NULL,'','','1',NULL,NULL,NULL,NULL,NULL,NULL,NULL,NULL),(115,'R-JIJI-JI-JI-JI-','1','jiji',NULL,'','','','','','','','','','','','red','','','','','','','','','ji','','','','','','','','','',NULL,'','','','','','','','','r','','','',NULL,'1723730369_Screenshot (60).png','createdBy',NULL,'departement',NULL,'','','','SAVE','24-08-15','',NULL,'','','','',NULL,'','','1',NULL,NULL,NULL,NULL,NULL,NULL,NULL,NULL),(116,'JIJI-IJ-IJI-JI-JI-','7','ij',NULL,'','','iji','jijij','ji','','','','ji','','','','','','','','','','','','','','','','','','','','','',NULL,'','','','','','','','','','','','',NULL,'1723730403_Screenshot (60).png','createdBy',NULL,'departement',NULL,'','','','SAVE','24-08-15','',NULL,'','','','',NULL,'','','5',NULL,NULL,NULL,NULL,NULL,NULL,NULL,NULL),(117,'SHJI-JIJI-JI-JIJI-IJI-','9','shjiji',NULL,'','','','','','','','','','','','','','iji','','','','jijijij','','','','','','ji','','jiji','','','','',NULL,'','','','','','','','','','','','',NULL,'1723730425_Screenshot (60).png','createdBy',NULL,'departement',NULL,'','','','SAVE','24-08-15','',NULL,'','','','',NULL,'','','11',NULL,NULL,NULL,NULL,NULL,NULL,NULL,NULL),(118,'UJNU-N-N-NJ-NJ-','8','ujnun',NULL,'nj','','','','','','','','','','','n','','','','','','','','nj','','','','','','','','','','',NULL,'','','','','','','','','','','','',NULL,'1723730449_Screenshot (59).png','createdBy',NULL,'departement',NULL,'','','','SAVE','24-08-15','',NULL,'','','','',NULL,'','','10',NULL,NULL,NULL,NULL,NULL,NULL,NULL,NULL),(119,'NUUN-NU-NU-NU-NUNU-','12','nuunnu',NULL,'','','','','','','','','','','','','','nu','nu','nu','','','','','','','','','nunu','','','','','',NULL,'','','','','','','','','','','','',NULL,'1723732522_Screenshot (60).png','createdBy',NULL,'departement',NULL,'','','','SAVE','24-08-15','',NULL,'','','','',NULL,'','','14',NULL,NULL,NULL,NULL,NULL,NULL,NULL,NULL),(120,'NUUN-NU-NU-NU-NUNU-','12','nuunnu',NULL,'','','','','','','','','','','','','','nu','nu','nu','','','','','','','','','nunu','','','','','',NULL,'','','','','','','','','','','','',NULL,'1723732536_Screenshot (60).png','createdBy',NULL,'departement',NULL,'','','','SAVE','24-08-15','',NULL,'','','','',NULL,'','','14',NULL,NULL,NULL,NULL,NULL,NULL,NULL,NULL),(121,'FMI-I-I-MI-MI-','11','fmi',NULL,'','','i','','mi','','','','','','','i','','','','','','','','','','','','','','','','','','',NULL,'','','','','','','','','','','','',NULL,'1723732681_Screenshot (60).png','createdBy',NULL,'departement',NULL,'','','','SAVE','24-08-15','',NULL,'','','','',NULL,'','','13',NULL,NULL,NULL,NULL,NULL,NULL,NULL,NULL),(122,'SHOR-COLO-MATE-FINI-SHAP-','11','short discriptiojn',NULL,'','','material','','finishType','','','','','','','colour','','','','','','','','','','','','','','','','','','',NULL,'','','','','','','','','','','','',NULL,'1723732870_Screenshot (60).png','createdBy',NULL,'departement',NULL,'','','','SAVE','24-08-15','',NULL,'','','','',NULL,'','','13',NULL,NULL,NULL,NULL,NULL,NULL,NULL,NULL),(123,'SHOR-LENG-BREA-HEIG-NO O-','12','short discription',NULL,'','','','','','','','','','','','','','heigh','lenght','breadth','','','','','','','','','no of pl','','','','','',NULL,'','','','','','','','','','','','',NULL,'1723735914_Screenshot (60).png','createdBy',NULL,'departement',NULL,'','','','SAVE','24-08-15','',NULL,'','','','',NULL,'','','18',NULL,NULL,NULL,NULL,NULL,NULL,NULL,NULL),(124,'II-MI-MI-M-IM-','12','ii',NULL,'','','','','','','','','','','','','','m','mi','mi','','','','','','','','','im','','','','','',NULL,'','','','','','','','','','','','',NULL,'1723736013_Screenshot (60).png','createdBy',NULL,'departement',NULL,'','','','SAVE','24-08-15','',NULL,'','','','',NULL,'','','14',NULL,NULL,NULL,NULL,NULL,NULL,NULL,NULL),(125,'II-MI-MI-M-IM-','12','ii',NULL,'','','','','','','','','','','','','','m','mi','mi','','','','','','','','','im','','','','','',NULL,'','','','','','','','','direct enter','','','',NULL,'1723736182_Screenshot (60).png','createdBy',NULL,'departement',NULL,'','','','SAVE','24-08-15','',NULL,'','','','',NULL,'','','14',NULL,NULL,NULL,NULL,NULL,NULL,NULL,NULL),(126,'II-MI-MI-M-IM-','12','ii',NULL,'','','','','','','','','','','','','','m','mi','mi','','','','','','','','','im','','','','','',NULL,'','','','','','','','','','','','',NULL,'1723736307_Screenshot (60).png','createdBy',NULL,'departement',NULL,'','','','SAVE','24-08-15','',NULL,'','','','',NULL,'','','14',NULL,NULL,NULL,NULL,NULL,NULL,NULL,NULL),(127,'VEND-SHOR-WATT-DISC-SHAP-','SELECT CATEGORY','short discription',NULL,'','','','','','','','','','','','red','','','','','','','','','wattt','','','','','','','','','',NULL,'','','','','','','','','Vendore','','','',NULL,'1723736616_Screenshot (60).png','createdBy',NULL,'departement',NULL,'','','','SAVE','24-08-15','',NULL,'','','','',NULL,'','','1',NULL,NULL,NULL,NULL,NULL,NULL,NULL,NULL),(128,'VEND-SHOR-WATT-DISC-SHAP-','SELECT CATEGORY','short discription',NULL,'','','','','','','','','','','','red','','','','','','','','','wattt','','','','','','','','','',NULL,'','','','','','','','','Vendore','','','',NULL,'1723736836_Screenshot (60).png','createdBy',NULL,'departement',NULL,'','','','SAVE','24-08-15','',NULL,'','','','',NULL,'','','1',NULL,NULL,NULL,NULL,NULL,NULL,NULL,NULL),(129,'VEND-SHOR-WATT-DISC-SHAP-','SELECT CATEGORY','short discription',NULL,'','','','','','','','','','','','red','','','','','','','','','wattt','','','','','','','','','',NULL,'','','','','','','','','Vendore','','','',NULL,'1723736855_Screenshot (60).png','createdBy',NULL,'departement',NULL,'','','','SAVE','24-08-15','',NULL,'','','','',NULL,'','','1',NULL,NULL,NULL,NULL,NULL,NULL,NULL,NULL),(130,'VEND-SHOR-WATT-DISC-SHAP-','SELECT CATEGORY','short discription',NULL,'','','','','','','','','','','','red','','','','','','','','','wattt','','','','','','','','','',NULL,'','','','','','','','','Vendore','','','',NULL,'1723736891_Screenshot (60).png','createdBy',NULL,'departement',NULL,'log direct','','','SAVE','24-08-15','',NULL,'','','','',NULL,'','','1',NULL,NULL,NULL,NULL,NULL,NULL,NULL,NULL),(131,'VEND-SHOR-WATT-DISC-SHAP-','SELECT CATEGORY','short discription',NULL,'','','','','','','','','','','','red','','','','','','','','','wattt','','','','','','','','','',NULL,'','','','','','','','','Vendore','','','',NULL,'1723736894_Screenshot (60).png','createdBy',NULL,'departement',NULL,'log direct','','','SAVE','24-08-15','',NULL,'','','','',NULL,'','','1',NULL,NULL,NULL,NULL,NULL,NULL,NULL,NULL),(132,'VEND-SHOR-WATT-DISC-SHAP-','SELECT CATEGORY','short discription',NULL,'','','','','','','','','','','','red','','','','','','','','','wattt','','','','','','','','','',NULL,'','','','','','','','','Vendore','','','',NULL,'1723736898_Screenshot (60).png','createdBy',NULL,'departement',NULL,'log direct','','','SUBMIT','24-08-15','',NULL,'','','','',NULL,'','','1',NULL,NULL,NULL,NULL,NULL,NULL,NULL,NULL),(133,'VEND-SHOR-WATT-DISC-SHAP-','SELECT CATEGORY','short discription',NULL,'','','','','','','','','','','','red','','','','','','','','','wattt','','','','','','','','','',NULL,'','','','','','','','','Vendore','','','',NULL,'1723736899_Screenshot (60).png','createdBy',NULL,'departement',NULL,'log direct','','','SAVE','24-08-15','',NULL,'','','','',NULL,'','','1',NULL,NULL,NULL,NULL,NULL,NULL,NULL,NULL),(134,'VEND-SHOR-WATT-DISC-SHAP-','SELECT CATEGORY','short discription',NULL,'','','','','','','','','','','','red','','','','','','','','','wattt','','','','','','','','','',NULL,'','','','','','','','','Vendore','','','',NULL,'1723736899_Screenshot (60).png','createdBy',NULL,'departement',NULL,'log direct','','','SAVE','24-08-15','',NULL,'','','','',NULL,'','','1',NULL,NULL,NULL,NULL,NULL,NULL,NULL,NULL),(135,'VEND-SHOR-WATT-DISC-SHAP-','SELECT CATEGORY','short discription',NULL,'','','','','','','','','','','','red','','','','','','','','','wattt','','','','','','','','','',NULL,'','','','','','','','','Vendore','','','',NULL,'1723736899_Screenshot (60).png','createdBy',NULL,'departement',NULL,'log direct','','','SAVE','24-08-15','',NULL,'','','','',NULL,'','','1',NULL,NULL,NULL,NULL,NULL,NULL,NULL,NULL),(136,'VEND-SHOR-WATT-DISC-SHAP-','SELECT CATEGORY','short discription',NULL,'','','','','','','','','','','','red','','','','','','','','','wattt','','','','','','','','','',NULL,'','','','','','','','','Vendore','','','',NULL,'1723736899_Screenshot (60).png','createdBy',NULL,'departement',NULL,'log direct','','','SAVE','24-08-15','',NULL,'','','','',NULL,'','','1',NULL,NULL,NULL,NULL,NULL,NULL,NULL,NULL),(137,'VEND-SHOR-WATT-DISC-SHAP-','SELECT CATEGORY','short discription',NULL,'','','','','','','','','','','','red','','','','','','','','','wattt','','','','','','','','','',NULL,'','','','','','','','','Vendore','','','',NULL,'1723736899_Screenshot (60).png','createdBy',NULL,'departement',NULL,'log direct','','','SAVE','24-08-15','',NULL,'','','','',NULL,'','','1',NULL,NULL,NULL,NULL,NULL,NULL,NULL,NULL),(138,'VEND-SHOR-WATT-DISC-SHAP-','SELECT CATEGORY','short discription',NULL,'','','','','','','','','','','','red','','','','','','','','','wattt','','','','','','','','','',NULL,'','','','','','','','','Vendore','','','',NULL,'1723736899_Screenshot (60).png','createdBy',NULL,'departement',NULL,'log direct','','','SAVE','24-08-15','',NULL,'','','','',NULL,'','','1',NULL,NULL,NULL,NULL,NULL,NULL,NULL,NULL),(139,'VEND-SHOR-WATT-DISC-SHAP-','1','short',NULL,'','','','','','','','','','','','red','','','','','','','','','watt','','','','','','','','','',NULL,'','','','','','','','','vendore','','','',NULL,'1723736950_Screenshot (60).png','createdBy',NULL,'departement',NULL,'log direct','','','SAVE','24-08-15','',NULL,'','','','',NULL,'','','1',NULL,NULL,NULL,NULL,NULL,NULL,NULL,NULL),(140,'VEND-SHOR-WATT-DISC-SHAP-','1','short',NULL,'','','','','','','','','','','','red','','','','','','','','','watt','','','','','','','','','',NULL,'','','','','','','','','vendore','','','',NULL,'1723736952_Screenshot (60).png','createdBy',NULL,'departement',NULL,'log direct','','','SAVE','24-08-15','',NULL,'','','','',NULL,'','','1',NULL,NULL,NULL,NULL,NULL,NULL,NULL,NULL),(141,'VEND-SHOR-WATT-DISC-SHAP-','1','short',NULL,'','','','','','','','','','','','red','','','','','','','','','watt','','','','','','','','','',NULL,'','','','','','','','','vendore','','','',NULL,'1723736953_Screenshot (60).png','createdBy',NULL,'departement',NULL,'log direct','','','SAVE','24-08-15','',NULL,'','','','',NULL,'','','1',NULL,NULL,NULL,NULL,NULL,NULL,NULL,NULL),(142,'VEND-SHOR-WATT-DISC-SHAP-','1','short',NULL,'','','','','','','','','','','','red','','','','','','','','','watt','','','','','','','','','',NULL,'','','','','','','','','vendore','','','',NULL,'1723736953_Screenshot (60).png','createdBy',NULL,'departement',NULL,'log direct','','','SAVE','24-08-15','',NULL,'','','','',NULL,'','','1',NULL,NULL,NULL,NULL,NULL,NULL,NULL,NULL),(143,'VEND-SHOR-WATT-DISC-SHAP-','1','short',NULL,'','','','','','','','','','','','red','','','','','','','','','watt','','','','','','','','','',NULL,'','','','','','','','','vendore','','','',NULL,'1723736953_Screenshot (60).png','createdBy',NULL,'departement',NULL,'log direct','','','SAVE','24-08-15','',NULL,'','','','',NULL,'','','1',NULL,NULL,NULL,NULL,NULL,NULL,NULL,NULL),(144,'VEND-SHOR-WATT-DISC-SHAP-','1','short',NULL,'','','','','','','','','','','','red','','','','','','','','','watt','','','','','','','','','',NULL,'','','','','','','','','vendore','','','',NULL,'1723736984_Screenshot (60).png','createdBy',NULL,'departement',NULL,'','','','SAVE','24-08-15','',NULL,'','','','',NULL,'','','1',NULL,NULL,NULL,NULL,NULL,NULL,NULL,NULL),(145,'VEND-SHOR-WATT-DISC-SHAP-','1','short',NULL,'','','','','','','','','','','','red','','','','','','','','','watt','','','','','','','','','',NULL,'','','','','','','','','vendore','','','',NULL,'1723737017_Screenshot (60).png','createdBy',NULL,'departement',NULL,'hekkir','','','SAVE','24-08-15','',NULL,'','','','',NULL,'','','1',NULL,NULL,NULL,NULL,NULL,NULL,NULL,NULL),(146,'VEND-SHOR-WATT-DISC-SHAP-','1','short',NULL,'','','','','','','','','','','','red','','','','','','','','','watt','','','','','','','','','',NULL,'','','','','','','','','vendore','','','',NULL,'1723737254_Screenshot (60).png','createdBy',NULL,'departement',NULL,'hekkir','','discount','SAVE','24-08-15','',NULL,'','','','',NULL,'','','1',NULL,NULL,NULL,NULL,NULL,NULL,NULL,NULL),(147,'VEND-SHOR-WATT-DISC-SHAP-','1','short',NULL,'','','','','','','','','','','','red','','','','','','','','','watt','shape','','','','','','','','',NULL,'','','','','','','','','vendore','','','',NULL,'1723737312_Screenshot (60).png','createdBy',NULL,'departement',NULL,'hekkir','','discount','SAVE','24-08-15','',NULL,'','','','',NULL,'','','1',NULL,NULL,NULL,NULL,NULL,NULL,NULL,NULL),(148,'VEND-SHOR-WATT-DISC-SHAP-','1','short',NULL,'','','','','','','','','','','','red','','','','','','','','','watt','shape','','','','','','','','',NULL,'','','','','','','','','vendore','','','',NULL,'1723737518_Screenshot (60).png','createdBy',NULL,'departement',NULL,'hekkir','','discount','SAVE','24-08-15','',NULL,'','','','',NULL,'','','1',NULL,NULL,NULL,NULL,NULL,NULL,NULL,NULL),(149,'VEND-SHOR-WATT-DISC-SHAP-','1','short',NULL,'','','','','','','','','','','','red','','','','','','','','','watt','shape','','','','','','','','',NULL,'','','','','','','','','vendore','','','',NULL,'1723737588_Screenshot (60).png','',NULL,'departement',NULL,'hekkir','','discount','SAVE','24-08-15','',NULL,'','','','',NULL,'','','1',NULL,NULL,NULL,NULL,NULL,NULL,NULL,NULL),(150,'VEND-SHOR-WATT-DISC-SHAP-','1','short',NULL,'','','','','','','','','','','','red','','','','','','','','','watt','shape','','','','','','','','',NULL,'','','','','','','','','vendore','','','',NULL,'1723737616_Screenshot (60).png','admin',NULL,'departement',NULL,'hekkir','','discount','SAVE','24-08-15','',NULL,'','','','',NULL,'','','1',NULL,NULL,NULL,NULL,NULL,NULL,NULL,NULL),(151,'VEND-SHOR-WATT-DISC-SHAP-','1','short',NULL,'','','','','','','','','','','','red','','','','','','','','','watt','shape','','','','','','','','',NULL,'','','','','','','','','vendore','','','',NULL,'1723737662_Screenshot (60).png','admin',NULL,'departement',NULL,'hekkir','','discount','SAVE','24-08-15','',NULL,'','','','',NULL,'','','1',NULL,NULL,NULL,NULL,NULL,NULL,NULL,NULL),(152,'VEND-SHIR-WATT-DISC-SHAO-','1','shirt',NULL,'','','','','','','','','','','','red','','','','','','','','','watt','shaoe','','','','','','','','',NULL,'','','','','','','','','vendore','','','',NULL,'1723739657_Screenshot (60).png','admin',NULL,'departement',NULL,'hekkir','','discount','SAVE','24-08-15','',NULL,'','','','',NULL,'','','1',NULL,NULL,NULL,NULL,NULL,NULL,NULL,NULL),(153,'VEND-SHOR-WATT-DISC-SHAP-','1','shorert discriptipn',NULL,'','','','','','','','','','','','red','','','','','','','','','watt','shape ','','','','','','','','',NULL,'','','','','','','','','vendore','','','',NULL,'1723739767_Screenshot (60).png','admin',NULL,'departement',NULL,'hekkir','','discoutn','SAVE','24-08-15','',NULL,'','','','',NULL,'','','1',NULL,NULL,NULL,NULL,NULL,NULL,NULL,NULL),(154,'VEND-SHOR-WATT-DICO-SHAP-','1','short desription',NULL,'','','','','','','','','','','','red','','','','','','','','','watt','shape','','','','','','','','',NULL,'','','','','','','','','vendore','','','',NULL,'1723739960_Screenshot (60).png','admin',NULL,'departement',NULL,'hekkir','','dicount','SAVE','24-08-15','',NULL,'','','','',NULL,'','','1',NULL,NULL,NULL,NULL,NULL,NULL,NULL,NULL),(155,'VEND-SHOR-WATT-DICO-SHAP-','1','short desription',NULL,'','','','','','','','','','direct test','','red','','','','','','','','','watt','shape','','','','','','','','',NULL,'','','','','','','','','vendore','','','',NULL,'1723739996_Screenshot (60).png','admin',NULL,'departement',NULL,'hekkir','','dicount','SAVE','24-08-15','',NULL,'','','','',NULL,'','','1',NULL,NULL,NULL,NULL,NULL,NULL,NULL,NULL),(156,'VEND-SHOR-WATT-DICO-SHAP-','1','short desription',NULL,'','','','','','','','','','direct test','','red','','','','','','','','','watt','shape','','','','','','','','',NULL,'','','','','','','','','vendore','','','',NULL,'1723740051_Screenshot (60).png','admin',NULL,'departement',NULL,'hekkir','','dicount','SAVE','24-08-15','',NULL,'','','','',NULL,'','','1',NULL,NULL,NULL,NULL,NULL,NULL,NULL,NULL),(157,'VEND-SHOR-WATT-DICO-SHAP-','1','short desription',NULL,'','','','','','','','','','','','red','','','','','','','','','watt','shape','','','','','','','','',NULL,'','','','','','','','','vendore','','','',NULL,'1723740468_Screenshot (60).png','admin',NULL,'departement',NULL,'hekkir','','dicount','SAVE','24-08-15','',NULL,'','','','',NULL,'','','1',NULL,NULL,NULL,NULL,NULL,NULL,NULL,NULL),(158,'VEND-SHOR-WATT-DICO-SHAP-','1','short desription',NULL,'','','','','','','','','','','','red','','','','','','','','','watt','shape','','','','','','','','',NULL,'','','','','','','','','vendore','','','',NULL,'1723740546_Screenshot (60).png','admin',NULL,'departement',NULL,'hekkir','','dicount','SAVE','24-08-15','',NULL,'','','','',NULL,'','','1',NULL,NULL,NULL,NULL,NULL,NULL,NULL,NULL),(159,'VEND-SHOR-WATT-DICO-SHAP-','1','short desription',NULL,'','','','','','','','','','shape','','red','','','','','','','','','watt','shape','','','','','','','','',NULL,'','','','','','','','','vendore','','','',NULL,'1723740747_Screenshot (60).png','admin',NULL,'departement',NULL,'hekkir','','dicount','SAVE','24-08-15','',NULL,'','','','',NULL,'','','1',NULL,NULL,NULL,NULL,NULL,NULL,NULL,NULL),(160,'VEND-SHOR-WATT-DICO-SHAP-','1','short desription',NULL,'','','','','','','','','','','','red','','','','','','','','','watt','shape','','','','','','','','',NULL,'','','','','','','','','vendore','','','',NULL,'1723740783_Screenshot (60).png','admin',NULL,'departement',NULL,'hekkir','','dicount','SAVE','24-08-15','',NULL,'','','','',NULL,'','','1',NULL,NULL,NULL,NULL,NULL,NULL,NULL,NULL),(161,'VEND-SHOR-WATT-DICO-SHAP-','1','short desription',NULL,'','','','','','','','','','','','red','','','','','','','','','watt','shape','','','','','','','','',NULL,'','','','','','','','','vendore','','','',NULL,'1723740889_Screenshot (60).png','admin',NULL,'departement',NULL,'hekkir','','dicount','SAVE','24-08-15','',NULL,'','','','',NULL,'','','1',NULL,NULL,NULL,NULL,NULL,NULL,NULL,NULL),(162,'MIMI-MIM-IMIM-IM-IMIM-','1','mim',NULL,'','','','','','','','','','','','red','','','','','','','','','imim','imim','','','','','','','','',NULL,'','','','','','','','','mimi','','','',NULL,'1723741303_Screenshot (60).png','admin',NULL,'departement',NULL,'hekkir','','im','SAVE','24-08-15','',NULL,'','','','',NULL,'','','1',NULL,NULL,NULL,NULL,NULL,NULL,NULL,NULL),(163,'GRG-BYB-YB-YB-YB-','1','byb',NULL,'','','','','','','','','','','','red','','','','','','','','','yb','yb','','','','','','','','',NULL,'','','','','','','','','grg','','','',NULL,'1723741376_Screenshot (60).png','admin',NULL,'departement',NULL,'hekkir','','yb','SAVE','24-08-15','',NULL,'','','','',NULL,'','','1',NULL,NULL,NULL,NULL,NULL,NULL,NULL,NULL),(164,'C:F-VEND-SHOR-JFL-JK-JK-K-JK-JK-JK-JK-JK-JK-','1','SHORT',NULL,'jk','jk','','','','','','','','jk','jk','red','','','','','','','','k','jfl','jk','','','','','','','','',NULL,'','','','','','','','','vendore','','','',NULL,'1723741458_Screenshot (60).png','admin',NULL,'departement',NULL,'hekkir','','jk','SAVE','24-08-15','',NULL,'','','','',NULL,'','','1',NULL,NULL,NULL,NULL,NULL,NULL,NULL,NULL),(165,'C:FVEND-SHOR-WATT-DISC-SHAO-SIZEBRANLIGHSI ULONGPRICDISC','1','short description',NULL,'price','si unit','','','','','','','','brand','light','red','','','','','','','','size','watt','shaoe','','','','','','','','',NULL,'','','','','','','','','vendore','','','',NULL,'1723741588_Screenshot (60).png','admin',NULL,'departement',NULL,'hekkir','','discount','SAVE','24-08-15','',NULL,'','','','',NULL,'','','1',NULL,NULL,NULL,NULL,NULL,NULL,NULL,NULL),(166,'VEND-SHOR-WATT-DISC-SHAP-','1','shortdiscrition',NULL,'','','','','','','','','','','','red','','','','','','','','','watt','shape','','','','','','','','',NULL,'','','','','','','','','vendore','','','',NULL,'1723742534_Screenshot (60).png','admin',NULL,'departement',NULL,'hekkir','','discount','SAVE','24-08-15','',NULL,'','','','',NULL,'','','1',NULL,NULL,NULL,NULL,NULL,NULL,NULL,NULL),(167,'VEND-SHOR-WATT-DISC-SHAP-','1','short description',NULL,'','','','','','','','','','','','red','','','','','','','','','watt','shape ','','','','','','','','',NULL,'','','','','','','','','Vendore','','','',NULL,'1723742659_Screenshot (60).png','admin',NULL,'departement',NULL,'hekkir','','discount','SAVE','24-08-15','',NULL,'','','','',NULL,'','','1',NULL,NULL,NULL,NULL,NULL,NULL,NULL,NULL),(168,'C:FFIFI-JI-JI-JI-JI-JIJIJIJIJIJIJI','1','ji',NULL,'ji','ji','','','','','','','','ji','ji','red','','','','','','','','ji','ji','ji','','','','','','','','',NULL,'','','','','','','','','fifiji','','','',NULL,'1723742689_Screenshot (60).png','admin',NULL,'departement',NULL,'hekkir','','ji','SAVE','24-08-15','',NULL,'','','','',NULL,'','','1',NULL,NULL,NULL,NULL,NULL,NULL,NULL,NULL),(169,'C:FVEND-SHOR-WATT-DISC-SHAA-SIZEBRANLIGHSI ULINGPRICDISC','1','shorot',NULL,'price','si unit','','','','','','','','brand','light out put color','red','','','','','','','','size','watt','shaape','','','','','','','','',NULL,'','','','','','','','','vendor','','','',NULL,'1723742877_Screenshot (60).png','admin',NULL,'departement',NULL,'hekkir','','discount','SAVE','24-08-15','',NULL,'','','','',NULL,'','','1',NULL,NULL,NULL,NULL,NULL,NULL,NULL,NULL),(170,'C:FSHOR-COLO-MATE-FINS-SHAP-CUTHEIGWEIGUPPEBOTTSTYL NO VENDLONGPRICDISC','11','short disc',NULL,'price','','material','','finsh type','','','','','','','color','cut','height','','','upper sia','bottom dia','','','','shape','','',' no if ply','style','','weight','','',NULL,'','','','','','','','','vendore','','','',NULL,'1723743095_Screenshot (60).png','admin',NULL,'departement',NULL,'hekkir','','discount','SAVE','24-08-15','',NULL,'','','','',NULL,'','','13',NULL,NULL,NULL,NULL,NULL,NULL,NULL,NULL),(171,'C:FSHOR-COLO-MATE-FINS-SHAP-CUTHEIGWEIGUPPEBOTTSTYL NO VENDLONGPRICDISC','11','short disc',NULL,'price','','material','','finsh type','','','','','','','color','cut','height','','','upper sia','bottom dia','','','','shape','','',' no if ply','style','','weight','','',NULL,'','','','','','','','','vendore','','','',NULL,'1723743280_Screenshot (60).png','admin',NULL,'departement',NULL,'long descriptino','','discount','SAVE','24-08-15','',NULL,'','','','',NULL,'','','13',NULL,NULL,NULL,NULL,NULL,NULL,NULL,NULL),(172,'C:FOM-M-TOP-IM-IM-IMIIIINNIINNINIININININI','9','om',NULL,'','','','','','','','','','','','','','im','','','','im','','','','','','top','','m','','','','',NULL,'','','','','','','','','ni','','','',NULL,'1723743368_Screenshot (60).png','admin',NULL,'departement',NULL,'ni','','','SAVE','24-08-15','im',NULL,'i','ii','in','nni',NULL,'ini','ni','11',NULL,NULL,NULL,NULL,NULL,NULL,NULL,NULL),(173,'C:FOM-M-TOP-IM-IM-IMIIIINNIINNINIININININI','9','om',NULL,'','','','','','','','','','','','','','im','','','','im','','','','','','top','','m','','','','',NULL,'','','','','','','','','ni','','','',NULL,'1723743370_Screenshot (60).png','admin',NULL,'departement',NULL,'ni','','','SAVE','24-08-15','im',NULL,'i','ii','in','nni',NULL,'ini','ni','11',NULL,NULL,NULL,NULL,NULL,NULL,NULL,NULL),(174,'C:FOM-M-TOP-IM-IM-IMIIIINNIINNINIININININI','9','om',NULL,'','','','','','','','','','','','','','im','','','','im','','','','','','top','','m','','','','',NULL,'','','','','','','','','ni','','','',NULL,'1723743370_Screenshot (60).png','admin',NULL,'departement',NULL,'ni','','','SAVE','24-08-15','im',NULL,'i','ii','in','nni',NULL,'ini','ni','11',NULL,NULL,NULL,NULL,NULL,NULL,NULL,NULL),(175,'C:FOM-M-TOP-IM-IM-IMIIIINNIINNINIININININI','9','om',NULL,'','','','','','','','','','','','','','im','','','','im','','','','','','top','','m','','','','',NULL,'','','','','','','','','ni','','','',NULL,'1723743370_Screenshot (60).png','admin',NULL,'departement',NULL,'ni','','','SAVE','24-08-15','im',NULL,'i','ii','in','nni',NULL,'ini','ni','11',NULL,NULL,NULL,NULL,NULL,NULL,NULL,NULL),(176,'C:FOM-M-TOP-IM-IM-IMIIIINNIINNINIININININI','9','om',NULL,'','','','','','','','','','','','','','im','','','','im','','','','','','top','','m','','','','',NULL,'','','','','','','','','ni','','','',NULL,'1723743385_Screenshot (60).png','admin',NULL,'departement',NULL,'ni','','','SAVE','24-08-15','im',NULL,'i','ii','in','nni',NULL,'ini','ni','11',NULL,NULL,NULL,NULL,NULL,NULL,NULL,NULL),(177,'C:FOM-M-TOP-IM-IM-IMIIIINNIINNINIININININI','9','om',NULL,'','','','','','','','','','','','','','im','','','','im','','','','','','top','','m','','','','',NULL,'','','','','','','','','ni','','','',NULL,'1723743385_Screenshot (60).png','admin',NULL,'departement',NULL,'ni','','','SAVE','24-08-15','im',NULL,'i','ii','in','nni',NULL,'ini','ni','11',NULL,NULL,NULL,NULL,NULL,NULL,NULL,NULL),(178,'C:FOM-M-TOP-IM-IM-IMIIIINNIINNINIININININI','9','om',NULL,'','','','','','','','','','','','','','im','','','','im','','','','','','top','','m','','','','',NULL,'','','','','','','','','ni','','','',NULL,'1723743385_Screenshot (60).png','admin',NULL,'departement',NULL,'ni','','','SAVE','24-08-15','im',NULL,'i','ii','in','nni',NULL,'ini','ni','11',NULL,NULL,NULL,NULL,NULL,NULL,NULL,NULL),(179,'C:FOM-M-TOP-IM-IM-IMIIIINNIINNINIININININI','9','om',NULL,'','','','','','','','','','','','','','im','','','','im','','','','','','top','','m','','','','',NULL,'','','','','','','','','ni','','','',NULL,'1723743441_Screenshot (60).png','admin',NULL,'departement',NULL,'ni','','','SAVE','24-08-15','im',NULL,'i','ii','in','nni',NULL,'ini','ni','11',NULL,NULL,NULL,NULL,NULL,NULL,NULL,NULL),(180,'C:FIJIJ-IJI-JI-JI-JI-JIJI','12','ijij',NULL,'','','','','','','','','','','','','','ji','iji','ji','','','','','','','','','ji','','','','','',NULL,'','','','','','','','','ji','','','',NULL,'1723743476_Screenshot (60).png','admin',NULL,'departement',NULL,'ji','','','SAVE','24-08-15','',NULL,'','','','',NULL,'','','14',NULL,NULL,NULL,NULL,NULL,NULL,NULL,NULL),(181,'C:FSHOR-LIGN-BREA-HEIG-NO O-VENFLONG','12','short',NULL,'','','','','','','','','','','','','','height','ligne','breadth','','','','','','','','','NO OF PLY','','','','','',NULL,'','','','','','','','','VENFORE','','','',NULL,'1723743508_Screenshot (60).png','admin',NULL,'departement',NULL,'LONG DESCRIPTION','','','SAVE','24-08-15','',NULL,'','','','',NULL,'','','14',NULL,NULL,NULL,NULL,NULL,NULL,NULL,NULL),(182,'C:FFTQD-UN-U-NU-NUN-UNUNUNUNUNUNUNUNUNUNUNU','1','ftqdrdr',NULL,'u','nu','nu','','','','','','','nunu','','white','','nun','','unu','','','','u','un','round','','','','','','','','',NULL,'','','','','','','','','un','','','',NULL,'1723883049_Screenshot 2024-08-07 120541.png','admin',NULL,'departement',NULL,'nun','','nu','SAVE','24-08-17','','','','','','',NULL,'','','1','nu','nu','nu',NULL,NULL,NULL,NULL,NULL),(183,'C:FJHGD-20-PLAS-2.5\"-HGDC-2700EACHHGYTHJGYXYZ3HFFG','1','jhgdfuytdwvh',NULL,'xyz','each','plastic','','','','','','','Osram','','yellow','','2.5\" inch','','hgdcgsd','','','','E-14','20','candle','','','','','','','','',NULL,'','','','','','','','','hjgyg','','','',NULL,'1723898615_Screenshot 2024-08-14 181642.png','admin',NULL,'departement',NULL,'hgytdwegbhcvd','','3','SAVE','24-08-17','','','','','','',NULL,'','','1','2700k','Dimmble','hffg',NULL,NULL,NULL,NULL,NULL),(184,'C:FGSDY-GDEG-UFEG-JEFE-H-HJEFHDVHHFVHHJEGHGFT','1','gsdywadgydwy',NULL,'hfvhfv','h','Metal','','','','','','','jefegf','','Black','','','gdegw','','','','','E-14','','','','','','','','','','',NULL,'','','','','','','','','hdvhjs','','','',NULL,'1723899135_Screenshot 2024-08-14 181359.png','admin',NULL,'departement',NULL,'hjefhgef','','hjegfbegwf','SAVE','24-08-17','','','','','','',NULL,'','','2','','','hgftweg',NULL,NULL,NULL,NULL,NULL),(185,'C:FGSDY-GDEG-UFEG-JEFE-H-HJEFHDVHHFVHHJEGHGFT','1','gsdywadgydwy',NULL,'hfvhfv','h','Metal','','','','','','','jefegf','','Black','','','gdegw','','','','','E-14','','','','','','','','','','',NULL,'','','','','','','','','hdvhjs','','','',NULL,'1723899141_Screenshot 2024-08-14 181359.png','admin',NULL,'departement',NULL,'hjefhgef','','hjegfbegwf','SUBMIT','24-08-17','','','','','','',NULL,'','','2','','','hgftweg',NULL,NULL,NULL,NULL,NULL),(186,'C:FHJGF-HJGU-GHFT-HGFT-GHFT-HGFTTDTRDTDRRDTDYTDTTDTYYTFT','1','hjgfgweh',NULL,'ytdtyd','tdtrd','ghft','','','','','','','Osram','','transparent','','hgft','','ghftf','','','','E-14','hjguyf','round','','','','','','','','',NULL,'','','','','','','','','rdtd','','','',NULL,'1723899266_Screenshot 2024-08-10 142907.png','admin',NULL,'departement',NULL,'dtdrd','','tdtyd','SAVE','24-08-17','','','','','','',NULL,'','','1','hgft','Dimmble','ytfty',NULL,NULL,NULL,NULL,NULL),(187,'C:FHJGF-HJGU-GHFT-HGFT-GHFT-HGFTTDTRDTDRRDTDYTDTTDTYYTFT','1','hjgfgweh',NULL,'ytdtyd','tdtrd','ghft','','','','','','','Osram','','transparent','','hgft','','ghftf','','','','E-14','hjguyf','round','','','','','','','','',NULL,'','','','','','','','','rdtd','','','',NULL,'1723899272_Screenshot 2024-08-10 142907.png','admin',NULL,'departement',NULL,'dtdrd','','tdtyd','SUBMIT','24-08-17','','','','','','',NULL,'','','1','hgft','Dimmble','ytfty',NULL,NULL,NULL,NULL,NULL),(188,'C:FFHGF-JGDC-HFTF-FT-HFF-TFTYFTGFGFTTFTRFTYF','1','fhgf',NULL,'gft','hff','Metal','','','','','','','ft','','Black','','','jgdc','','','','','E-14','','','','','','','','','','',NULL,'','','','','','','','','ftgftf','','','',NULL,'1723900319_Screenshot 2024-08-10 142907.png','admin',NULL,'departement',NULL,'tftyf','','tftr','SAVE','24-08-17','','','','','','',NULL,'','','2','','','ftyf',NULL,NULL,NULL,NULL,NULL),(189,'C:FHJGF-HJGU-GHFT-HGFT-GHFT-HGFTTDTRDTDRRDTDYTDTTDTYYTFT','1','hjgfgweh',NULL,'ytdtyd','tdtrd','ghft','','','','','','','Osram','','transparent','','hgft','','ghftf','','','','E-14','hjguyf','round','','','','','','','','',NULL,'','','','','','','','','rdtd','','','',NULL,'1723900518_Screenshot 2024-08-10 142907.png','rg1',NULL,'departement',NULL,'dtdrd','','tdtyd','SAVE','24-08-17','','','','','','',NULL,'','','1','hgft','Dimmble','ytfty',NULL,NULL,NULL,NULL,NULL),(190,'C:FKGYU-UYDG-YUFG-GYGY-GYUG-GUGRYUGFGUYGUYGYFYTGYGU','1','kgyudgfgyu',NULL,'yfyt','yugfrg','yufgeuyg','','','','','','','Osram','','transparent','','gygyug','','gyugfrg','','','','E-14','uydgfeg','round','','','','','','','','',NULL,'','','','','','','','','uyg','','','',NULL,'1723900831_Screenshot 2024-08-10 142907.png','rg1',NULL,'departement',NULL,'guygwyu','','gy','inRunning','24-08-17','','','','','','',NULL,'','','1','gugrfey','Dimmble','gu',NULL,NULL,NULL,NULL,NULL),(191,'C:FJHGD-GFD-FTF-HGFT-HGFT-GHDFHGFGHFGFGFGF','1','jhgdfge',NULL,'gf','df','ftf','','','','','','','Osram','','transparent','','hgft','','hgft','','','','E-14','gfd','round','','','','','','','','',NULL,'','','','','','','','','ghf','','','',NULL,'1723901493_Screenshot 2024-08-10 142907.png','rg1',NULL,'departement',NULL,'hgf','','gf','SAVE','24-08-17','','','','','','',NULL,'','','1','gh','Dimmble','gf',NULL,NULL,NULL,NULL,NULL),(192,'C:FRGFJ-HF-YTF-GH-JHGY-HGFHFGFJHGGGHGHGGHGGHHJHJG','6','gh',NULL,'hhj','jhgyg','','','','','','','','hf','','rgfjs','hgf','hf','jhg','gg','','','','','','Other','','','hghg','','','gf','','',NULL,'','','','','','','','','ytf','','','',NULL,'1723902480_Screenshot 2024-08-10 142907.png','admin',NULL,'departement',NULL,'g','','hgg','SUBMIT','24-08-17','','','','','','',NULL,'','','4','','','hjg',NULL,NULL,NULL,NULL,NULL),(193,'C:FMIMI-I-MI-MIM-IMI-MIMIMIMIMIMIMIMIMIMI','6','mim',NULL,'mi','imi','','','','','','','','i','','mimi','mi','mi','m','im','','','','','','Other','','','i','','','mimi','','',NULL,'','','','','','','','','mi','','','',NULL,'1723902721_Screenshot (61).png','admin',NULL,'departement',NULL,'mi','','mi','SAVE','24-08-17','','','','','','',NULL,'','','4','','','mi',NULL,NULL,NULL,NULL,NULL),(194,'C:FMIMI-I-MI-MIM-IMI-MIMIMIMIMIMIMIMIMIMI','6','mim',NULL,'mi','imi','','','','','','','','i','','mimi','mi','mi','','','m','im','','','','Circle','','','i','','','mimi','','',NULL,'','','','','','','','','mi','','','',NULL,'1723902728_Screenshot (61).png','admin',NULL,'departement',NULL,'mi','','mi','SUBMIT','24-08-17','','','','','','',NULL,'','','4','','','mi',NULL,NULL,NULL,NULL,NULL),(195,'C:FFJI-JI-JI-JI-JI-JIJIJIJIJIJIJI','1','fji',NULL,'ji','ji','ji','','','','','','','Osram','','transparent','','ji','','ji','','','','E-14','ji','round','','','','','','','','',NULL,'','','','','','','','','ji','','','',NULL,'1723902822_Screenshot (61).png','admin',NULL,'departement',NULL,'ji','','ji','SAVE','24-08-17','','','','','','',NULL,'','','1','ji','Dimmble','ji',NULL,NULL,NULL,NULL,NULL),(196,'C:FFJI-JI-JI-JI-JI-JIJIJIJIJIJIJI','1','fji',NULL,'ji','ji','ji','','','','','','','Osram','','transparent','','ji','','ji','','','','E-14','ji','round','','','','','','','','',NULL,'','','','','','','','','ji','','','',NULL,'1723902847_Screenshot (61).png','admin',NULL,'departement',NULL,'ji','','ji','SAVE','24-08-17','','','','','','',NULL,'','','1','ji','Dimmble','ji',NULL,NULL,NULL,NULL,NULL),(197,'C:FFJI-JI-JI-JI-JI-JIJIJIJIJIJIJI','1','fji',NULL,'ji','ji','ji','','','','','','','Osram','','transparent','','ji','','ji','','','','E-14','ji','round','','','','','','','','',NULL,'','','','','','','','','ji','','','',NULL,'1723902850_Screenshot (61).png','admin',NULL,'departement',NULL,'ji','','ji','inRunning','24-08-17','','','','','','',NULL,'','','1','ji','Dimmble','ji',NULL,NULL,NULL,NULL,NULL),(198,'C:FMK-MK-MK-MK-MK-MKMKMKMKMKMKM','1','mk',NULL,'mk','mk','mk','','','','','','','Osram','','transparent','','mk','','mk','','','','E-14','mk','round','','','','','','','','',NULL,'','','','','','','','','mk','','','',NULL,'1723903016_Screenshot (61).png','admin',NULL,'departement',NULL,'mk','','mk','SAVE','24-08-17','','','','','','',NULL,'','','1','mk','Dimmble','m',NULL,NULL,NULL,NULL,NULL),(199,'C:FMK-MK-MK-MK-MK-MKMKMKMKMKMKM','1','mk',NULL,'mk','mk','mk','','','','','','','Osram','','transparent','','mk','','mk','','','','E-14','mk','round','','','','','','','','',NULL,'','','','','','','','','mk','','','',NULL,'1723903018_Screenshot (61).png','admin',NULL,'departement',NULL,'mk','','mk','SUBMIT','24-08-17','','','','','','',NULL,'','','1','mk','Dimmble','m',NULL,NULL,NULL,NULL,NULL),(200,'C:FMK-MK-MK-MK-MK-MKMKMKMKMKMKM','1','mk',NULL,'mk','mk','mk','','','','','','','Osram','','transparent','','mk','','mk','','','','E-14','mk','round','','','','','','','','',NULL,'','','','','','','','','mk','','','',NULL,'1723903023_Screenshot (61).png','admin',NULL,'departement',NULL,'mk','','mk','SUBMIT','24-08-17','','','','','','',NULL,'','','1','mk','Dimmble','m',NULL,NULL,NULL,NULL,NULL),(201,'C:FJI-IM-IMI-MI-MIM-IMMIMIMIMIMIMJI','1','ji',NULL,'mi','mi','imi','','','','','','','Osram','','transparent','','mi','','mim','','','','E-14','im','round','','','','','','','','',NULL,'','','','','','','','','mi','','','',NULL,'1723903100_Screenshot (60).png','admin',NULL,'departement',NULL,'mi','','mim','SAVE','24-08-17','','','','','','',NULL,'','','1','im','Dimmble','ji',NULL,NULL,NULL,NULL,NULL),(202,'C:FJI-IM-IMI-MI-MIM-IMMIMIMIMIMIMJI','1','ji',NULL,'mi','mi','imi','','','','','','','Osram','','transparent','','mi','','mim','','','','E-14','im','round','','','','','','','','',NULL,'','','','','','','','','mi','','','',NULL,'1723903103_Screenshot (60).png','admin',NULL,'departement',NULL,'mi','','mim','SUBMIT','24-08-17','','','','','','',NULL,'','','1','im','Dimmble','ji',NULL,NULL,NULL,NULL,NULL),(203,'C:FIIJI-JIJ-IJ-IJ-I-JIJIJIJIJIJIJIJ','1','iijijij',NULL,'ij','ji','ij','','','','','','','Osram','','transparent','','ij','','i','','','','E-14','jij','round','','','','','','','','',NULL,'','','','','','','','','ij','','','',NULL,'1723903152_Screenshot (60).png','admin',NULL,'departement',NULL,'jij','','ij','SAVE','24-08-17','','','','','','',NULL,'','','1','ji','Dimmble','ij',NULL,NULL,NULL,NULL,NULL),(204,'C:FIIJI-JIJ-IJ-IJ-I-JIJIJIJIJIJIJIJ','1','iijijij',NULL,'ij','ji','ij','','','','','','','Osram','','transparent','','ij','','i','','','','E-14','jij','round','','','','','','','','',NULL,'','','','','','','','','ij','','','',NULL,'1723903154_Screenshot (60).png','admin',NULL,'departement',NULL,'jij','','ij','SUBMIT','24-08-17','','','','','','',NULL,'','','1','ji','Dimmble','ij',NULL,NULL,NULL,NULL,NULL),(205,'C:FJI-JIJ-IJ-IJ-IJ-IJIJIJIJIJIJIJIJIJJ','6','ij',NULL,'ij','ij','','','','','','','','jij','','ji','i','ji','ij','ij','','','','','','Other','','','i','','','jij','','',NULL,'','','','','','','','','ij','','','',NULL,'1723903281_Screenshot (61).png','admin',NULL,'departement',NULL,'jij','','ij','SUBMIT','24-08-17','','','','','','',NULL,'','','4','','','j',NULL,NULL,NULL,NULL,NULL),(206,'C:FJHGD-GFD-FTF-HGFT-HGFT-GHDFHGFGHFGFGFGF','1','jhgdfge',NULL,'gf','df','ftf','','','','','','','Osram','','transparent','','hgft','','hgft','','','','E-14','gfd','round','','','','','','','','',NULL,'','','','','','','','','ghf','','','',NULL,'1723903293_Screenshot 2024-08-10 142907.png','admin',NULL,'departement',NULL,'hgf','','gf','SAVE','24-08-17','','','','','','',NULL,'','','1','gh','Dimmble','gf',NULL,NULL,NULL,NULL,NULL),(207,'C:FJHGD-GFD-FTF-HGFT-HGFT-GHDFHGFGHFGFGFGF','1','jhgdfge',NULL,'gf','df','ftf','','','','','','','Osram','','transparent','','hgft','','hgft','','','','E-14','gfd','round','','','','','','','','',NULL,'','','','','','','','','ghf','','','',NULL,'1723903301_Screenshot 2024-08-10 142907.png','admin',NULL,'departement',NULL,'hgf','','gf','SUBMIT','24-08-17','','','','','','',NULL,'','','1','gh','Dimmble','gf',NULL,NULL,NULL,NULL,NULL),(208,'C:FJII-JI-JI-JI-JI-JIJIJIJIJIJIJI','1','jii',NULL,'ji','ji','ji','','','','','','','Osram','','transparent','','ji','','ji','','','','E-14','ji','round','','','','','','','','',NULL,'','','','','','','','','ji','','','',NULL,'1723903338_Screenshot (61).png','admin',NULL,'departement',NULL,'ji','','ji','SUBMIT','24-08-17','','','','','','',NULL,'','','1','ji','Dimmble','ji',NULL,NULL,NULL,NULL,NULL),(209,'C:FJHGD-GFD-FTF-HGFT-HGFT-GHDFHGFGHFGFGFGF','1','jhgdfge',NULL,'gf','df','ftf','','','','','','','Osram','','transparent','','hgft','','hgft','','','','E-14','gfd','round','','','','','','','','',NULL,'','','','','','','','','ghf','','','',NULL,'1723903364_Screenshot 2024-08-10 142907.png','admin',NULL,'departement',NULL,'hgf','','gf','inProgress','24-08-17','','','','','','',NULL,'','','1','gh','Dimmble','gf',NULL,NULL,NULL,NULL,NULL),(210,'C:FKN-KN-KN-KN-KNK-NKNKNKNKNKNKNKNKNKNKN','1','kn',NULL,'kn','kn','knk','','','','','','','nkn','','kn','','','kn','','','','','','','','','','','','','','','',NULL,'','','','','','','nk','nk','kn','','','',NULL,'1723903398_Screenshot (60).png','admin',NULL,'departement',NULL,'kn','nk','kn','inRunning','24-08-17','','','','','','',NULL,'','','3','','','kn',NULL,NULL,NULL,NULL,NULL),(211,'C:FJHGD-GFD-FTF-HGFT-HGFT-GHDFHGFGHFGFGFGF','1','jhgdfge',NULL,'gf','df','ftf','','','','','','','Osram','','transparent','','hgft','','hgft','','','','E-14','gfd','round','','','','','','','','',NULL,'','','','','','','','','ghf','','','',NULL,'1723903427_Screenshot 2024-08-10 142907.png','admin',NULL,'departement',NULL,'hgf','','gf','SUBMIT','24-08-17','','','','','','',NULL,'','','1','gh','Dimmble','gf',NULL,NULL,NULL,NULL,NULL),(212,'C:FJI-JIJ-IJI-J-IJ-IJIJIJIJIJIHHIHUIH','1','ji',NULL,'hih','ji','iji','','','','','','','Osram','','transparent','','j','','ij','','','','E-14','jij','round','','','','','','','','',NULL,'','','','','','','','','ijihui','','','',NULL,'1723903504_Screenshot (61).png','admin',NULL,'departement',NULL,'jij','','ui','SAVE','24-08-17','','','','','','',NULL,'','','1','iji','Dimmble','h',NULL,NULL,NULL,NULL,NULL),(213,'C:FJI-JIJ-IJI-J-IJ-IJIJIJIJIJIHHIHUIH','1','ji',NULL,'hih','ji','iji','','','','','','','Osram','','transparent','','j','','ij','','','','E-14','jij','round','','','','','','','','',NULL,'','','','','','','','','ijihui','','','',NULL,'1723903507_Screenshot (61).png','admin',NULL,'departement',NULL,'jij','','ui','SUBMIT','24-08-17','','','','','','',NULL,'','','1','iji','Dimmble','h',NULL,NULL,NULL,NULL,NULL),(214,'C:FJHGD-GFD-FTF-HGFT-HGFT-GHDFHGFGHFGFGFGF','1','jhgdfge',NULL,'gf','df','ftf','','','','','','','Osram','','transparent','','hgft','','hgft','','','','E-14','gfd','round','','','','','','','','',NULL,'','','','','','','','','ghf','','','',NULL,'1723903527_Screenshot 2024-08-10 142907.png','admin',NULL,'departement',NULL,'hgf','','gf','SUBMIT','24-08-17','','','','','','',NULL,'','','1','gh','Dimmble','gf',NULL,NULL,NULL,NULL,NULL),(215,'C:FJHGD-GFD-FTF-HGFT-HGFT-GHDFHGFGHFGFGFGF','1','jhgdfge',NULL,'gf','df','ftf','','','','','','','Osram','','transparent','','hgft','','hgft','','','','E-14','gfd','round','','','','','','','','',NULL,'','','','','','','','','ghf','','','',NULL,'1723903665_Screenshot 2024-08-10 142907.png','admin',NULL,'departement',NULL,'hgf','','gf','SUBMIT','24-08-17','','','','','','',NULL,'','','1','gh','Dimmble','gf',NULL,NULL,NULL,NULL,NULL),(216,'C:FSHOR-WATT-MATE-HEIG-BREA-COLOSI_ULONGVENDPRICDISCLOCA','1','Short_Description',NULL,'Price','SI_unit','Material','','','','','','','Osram','','transparent','','Height','','Breadth','','','','E-14','Watt','round','','','','','','','','',NULL,'','','','','','','','','Vendor','','','',NULL,'1723904192_Screenshot (61).png','admin',NULL,'departement',NULL,'Long_Description','','Discount','SAVE','24-08-17','','','','','','',NULL,'','','1','Colour_Temparature','Dimmble','Location',NULL,NULL,NULL,NULL,NULL),(217,'SHOR-WATT-MATE-HEIG-BREA-','1','Short_Description',NULL,'price','SI_UNIT','material','','','','','','','Osram','','transparent','','height','','BREADH','','','','E-14','watt','round','','','','','','','','',NULL,'','','','','','','','','VEndore','','','',NULL,'1723904266_Screenshot (61).png','admin',NULL,'departement',NULL,'long des','','discount','SAVE','24-08-17','','','','','','',NULL,'','','1','colour tempratur','Dimmble','lcation',NULL,NULL,NULL,NULL,NULL),(218,'C:FIGSG-JHGS-HF-FF-FH-GFGHFGHFFFGFGFGFHGHFF','6','ff',NULL,'hg','fh','','','','','','','','jhgsdhg','','igsg','gfgh','fgh','f','gf','','','','','','Other','','','gf','','','ff','','',NULL,'','','','','','','','','hf','','','',NULL,'1723904298_Screenshot 2024-08-13 173252.png','admin',NULL,'departement',NULL,'g','','f','SUBMIT','24-08-17','','','','','','',NULL,'','','4','','','hff',NULL,NULL,NULL,NULL,NULL),(219,'IGSG-JHGS-HF-FF-FH-','6','ff',NULL,'hg','fh','','','','','','','','jhgsdhg','','igsg','gfgh','fgh','f','gf','','','','','','Other','','','gf','','','ff','','',NULL,'','','','','','','','','hf','','','',NULL,'1723904378_Screenshot 2024-08-10 142907.png','admin',NULL,'departement',NULL,'g','','f','SAVE','24-08-17','','','','','','',NULL,'','','4','','','hff',NULL,NULL,NULL,NULL,NULL),(220,'JHFG-GF-HGF-HF-YTF-','6','ytf',NULL,'uf','f','','','uf','','','','','hf','','jhfgf','ytf','fy','','','tf','f','','','','gf','','','uf','f','','tf','','',NULL,'','','','','','','','','hgf','','','',NULL,'1723904402_Screenshot 2024-08-10 142907.png','admin',NULL,'departement',NULL,'yuf','','uf','SAVE','24-08-17','','','','','','',NULL,'','','6','','','',NULL,NULL,NULL,NULL,NULL),(221,'JHFG-GF-HGF-HF-YTF-','6','ytf',NULL,'uf','f','','','uf','','','','','hf','','jhfgf','ytf','fy','','','tf','f','','','','gf','','','uf','f','','tf','','',NULL,'','','','','','','','','hgf','','','',NULL,'1723904421_Screenshot 2024-08-10 142907.png','admin',NULL,'departement',NULL,'yuf','','uf','inRunning','24-08-17','','','','','','',NULL,'','','6','','','',NULL,NULL,NULL,NULL,NULL),(222,'IGSG-JHGS-HF-FF-FH-','6','ff',NULL,'hg','fh','','','','','','','','jhgsdhg','','igsg','gfgh','fgh','f','gf','','','','','','Other','','','gf','','','ff','','',NULL,'','','','','','','','','hf','','','',NULL,'1723904443_Screenshot 2024-08-10 142907.png','admin',NULL,'departement',NULL,'g','','f','SUBMIT','24-08-17','','','','','','',NULL,'','','4','','','hff',NULL,NULL,NULL,NULL,NULL),(223,'1IMIM-IMI-IM-IM-I-','1','imimi',NULL,'im','im','im','','','','','','','Osram','','transparent','','im','','i','','','','E-14','imi','round','','','','','','','','',NULL,'','','','','','','','','im','','','',NULL,'1723904719_Screenshot (61).png','admin',NULL,'departement',NULL,'im','','im','SAVE','24-08-17','','','','','','',NULL,'','','1','mi','Dimmble','im',NULL,NULL,NULL,NULL,NULL),(224,'ELECSHOR-WATT-MATE-HEIG-BRED-','1','Short_Description',NULL,'jij','SI_unit','Material','','','','','','','Osram','','transparent','','Height','','Bredth','','','','E-14','Watt','round','','','','','','','','',NULL,'','','','','','','','','ji','','','',NULL,'1723904963_Screenshot (61).png','admin',NULL,'departement',NULL,'Long_Description','','ij','SAVE','24-08-17','','','','','','',NULL,'','','1','Colour_Temparature','Dimmble','ij',NULL,NULL,NULL,NULL,NULL),(225,'ELEC-SHOR-WATT-MATE-HEIG-BREA','1','Short_Description',NULL,'price','SI_unit','Material','','','','','','','Osram','','transparent','','Height','','Breadth','','','','E-14','Watt','round','','','','','','','','',NULL,'','','','','','','','','Vendor','','','',NULL,'1723905069_Screenshot (61).png','admin',NULL,'departement',NULL,'Long_Description','','discofj','SAVE','24-08-17','','','','','','',NULL,'','','1','Colour_Temparature','Dimmble','ni',NULL,NULL,NULL,NULL,NULL),(226,'ELEC-MIKJ-KJ-KJKJ-KJ-KJ','1','mikj',NULL,'jk','jk','kjkj','','','','','','','Osram','','transparent','','kj','','kj','','','','E-14','kj','round','','','','','','','','',NULL,'','','','','','','','','jk','','','',NULL,'1723906562_Screenshot (61).png','admin',NULL,'departement',NULL,'jk','','jiko','SAVE','24-08-17','','','','','','',NULL,'','','1','k','Dimmble','dee',NULL,NULL,NULL,NULL,NULL),(227,'ELEC-KO-OK-KO-KO-KOK','1','ko',NULL,'ko','ok','ko','','','','','','','Osram','','transparent','','ko','','kok','','','','E-14','ok','round','','','','','','','','',NULL,'','','','','','','','','ko','','','',NULL,'1723907017_Screenshot (61).png','admin',NULL,'departement',NULL,'oko','','k','SAVE','24-08-17','','','','','','',NULL,'','','1','ok','Dimmble','o',NULL,NULL,NULL,NULL,NULL),(228,'ELEC-SHOR-WATT-MATE-HEIG-BREA','1','Short_Description',NULL,'Price','SI_unit','material','','','','','','','Osram','','transparent','','height','','Breadth','','','','E-14','watt','round','','','','','','','','',NULL,'','','','','','','','','ko','','','',NULL,'1723907147_Screenshot (61).png','admin',NULL,'departement',NULL,'oko','','k','SAVE','24-08-17','','','','','','',NULL,'','','1','ok','Dimmble','o',NULL,NULL,NULL,NULL,NULL),(229,'ELEC-SH-WA-MA-HE-BR-CO-IJ-J-J','1','Short_Description',NULL,'jij','iji','Material','','','','','','','Osram','','transparent','','Height','','Breadth','','','','E-14','Watt','round','','','','','','','','',NULL,'','','','','','','','','j','','','',NULL,'1723907227_Screenshot (61).png','admin',NULL,'departement',NULL,'j','','ij','SAVE','24-08-17','','','','','','',NULL,'','','1','Colour_Temparature','Dimmble','ij',NULL,NULL,NULL,NULL,NULL),(230,'EL-IS-SH-SH-SH-SH-SH-SH-SH-SH','1','iShort_Description',NULL,'Short_Description','Short_Description','Short_Description','','','','','','','Osram','','transparent','','Short_Description','','Short_Description','','','','E-14','Short_Description','round','','','','','','','','',NULL,'','','','','','','','','Short_Description','','','',NULL,'1723907277_Screenshot (57).png','admin',NULL,'departement',NULL,'Short_Description','','Short_Description','SAVE','24-08-17','','','','','','',NULL,'','','1','Short_Description','Dimmble','Short_Description',NULL,NULL,NULL,NULL,NULL),(231,'EL-SH-WA-MA-HE-BR-CO-SI-LO-VA','1','short',NULL,'price','si','mateiria;','','','','','','','Osram','','transparent','','height','','breadth','','','','E-14','watt','round','','','','','','','','',NULL,'','','','','','','','','vand','','','',NULL,'1723907353_Screenshot (57).png','admin',NULL,'departement',NULL,'lon','','discount','SAVE','24-08-17','','','','','','',NULL,'','','1','color','Dimmble','location',NULL,NULL,NULL,NULL,NULL),(232,'EL-SH-WA-MA-32-32-32-WA-LO-VA','1','short',NULL,'price','watt','mateiria434','','','','','','','Osram','','transparent','','32','','32','','','','E-14','watt','round','','','','','','','','',NULL,'','','','','','','','','vand','','','',NULL,'1723907421_Screenshot (57).png','admin',NULL,'departement',NULL,'lon','','5','SAVE','24-08-17','','','','','','',NULL,'','','1','32','Dimmble','location',NULL,NULL,NULL,NULL,NULL),(233,'EL-SH-WA-MA-37-54-76-WA-LO-VA','1','short',NULL,'price','watt','mateiria434','','','','','','','Osram','','transparent','','37','','54','','','','E-14','watt','round','','','','','','','','',NULL,'','','','','','','','','vand','','','',NULL,'1723907434_Screenshot (57).png','admin',NULL,'departement',NULL,'lon','','5','SAVE','24-08-17','','','','','','',NULL,'','','1','76','Dimmble','location',NULL,NULL,NULL,NULL,NULL),(234,'EL-MK-IN-NI-NI-IN-IN-NI-NI-NI','1','mk',NULL,'nin','ni','ni','','','','','','','Osram','','transparent','','nin','','in','','','','E-14','ini','round','','','','','','','','',NULL,'','','','','','','','','ni','','','',NULL,'1723908682_Screenshot (61).png','admin',NULL,'departement',NULL,'ni','','ininin','SAVE','24-08-17','','','','','','',NULL,'','','1','in','Dimmble','in',NULL,NULL,NULL,NULL,NULL),(235,'EL-IJ-JI-JI-JI-IJ-IJ-IJ-IJ-I','1','ijij',NULL,'jij','ij','ji','','','','','','','Osram','','transparent','','jij','','ij','','','','E-14','ji','round','','','','','','','','',NULL,'','','','','','','','','i','','','',NULL,'1723921706_Screenshot (61).png','admin',NULL,'departement',NULL,'ij','','i','SAVE','24-08-17','','','','','','',NULL,'','','1','ij','Dimmble','jij',NULL,NULL,NULL,NULL,NULL),(236,'ME-DE-NI-N-IN-IN-IN-IN-I-NI','7','nini',NULL,'ni','','n','desic','in','','','','inin','','','','','','','in','in','i','ni','','','ni','','','','','','','','',NULL,'','ni','ni','ni','ni','','','','ni','','','',NULL,'1723922674_Screenshot (61).png','admin',NULL,'departement',NULL,'ni','','ni','SAVE','24-08-17','','','','','','',NULL,'','','5','','','',NULL,NULL,NULL,NULL,NULL),(237,'ME-DE-NI-N-IN-IN-IN-IN-I-NI','7','nini',NULL,'ni','','n','desic','in','','','','inin','','','','','','','in','in','i','ni','','','ni','','','','','','','','',NULL,'','ni','ni','ni','ni','','','','ni','','','',NULL,'1723922678_Screenshot (61).png','admin',NULL,'departement',NULL,'ni','','ni','SUBMIT','24-08-17','','','','','','',NULL,'','','5','','','',NULL,NULL,NULL,NULL,NULL),(238,'GL-CO-SH-BR-VE-SH-KJ-JK-JK-JK','6','short si',NULL,'n','kjk','','','jk','','','','','brand','','color','jk','jkjk','','','kj','kjkj','','','','SHAPE','','','kjk','kjkj','','jkj','','',NULL,'','','','','','','','','vendire','','','',NULL,'1723923431_Screenshot (61).png','admin',NULL,'departement',NULL,'jjiji','','in','SAVE','24-08-17','','','','','','',NULL,'','','8','','','',NULL,NULL,NULL,NULL,NULL),(239,'GL-CO-SH-BR-VE-SH-KJ-JK-JK-JK','6','short si',NULL,'n','kjk','','','jk','','','','','brand','','color','jk','jkjk','','','kj','kjkj','','','','SHAPE','','','kjk','kjkj','','jkj','','',NULL,'','','','','','','','','vendire','','','',NULL,'1723923450_Screenshot (61).png','admin',NULL,'departement',NULL,'jjiji','','in','SUBMIT','24-08-17','','','','','','',NULL,'','','8','','','',NULL,NULL,NULL,NULL,NULL),(240,'GL-CO-SH-BR-VE-SH-SI-FI-CU-HE','6','short',NULL,'price','Si Unit','','','finish type','','','','','brand','','color','cut','height','','','upper di','bottom ','','','','shape','','','no of pg','style','','weight','','',NULL,'','','','','','','','','vendore','','','',NULL,'1723923577_Screenshot (61).png','admin',NULL,'departement',NULL,'long discription','','discoount','SAVE','24-08-17','','','','','','',NULL,'','','8','','','',NULL,NULL,NULL,NULL,NULL),(241,'GL-CO-SH-BR-VE-SH-IH-UH-I-HU','6','shoert',NULL,'uh','ih','','','uh','','','','','brand','','color','i','hu','','','hu','hu','','','','shape','','','hu','hu','','u','','',NULL,'','','','','','','','','vendore','','','',NULL,'1723923919_Screenshot (61).png','admin',NULL,'departement',NULL,'hu','','h','SAVE','24-08-17','','','','','','',NULL,'','','8','','','',NULL,NULL,NULL,NULL,NULL),(242,'EL-SH-WA-MA-HE-BR-CO-SI-LO-VE','1','short discription',NULL,'Price','SI_unit','Material','','','','','','','Osram','','transparent','','Height','','Breadth','','','','','Watt','round','','','','','','','','',NULL,'','','','','','','','','Vendor','','','',NULL,'1723924278_Screenshot (61).png','admin',NULL,'departement',NULL,'Long_Description','','Discount','SAVE','24-08-17','','','','','','',NULL,'','','1','Colour_Temparature','Dimmble','Location',NULL,NULL,NULL,NULL,NULL),(243,'EL-JI-KN-N-NN-JN-JN-JN-JN-JN','1','jiwojdij',NULL,'jn','jn','n','','','','','','','Osram','','transparent','','nn','','jn','','','','','kni','round','','','','','','','','',NULL,'','','','','','','','','jn','','','',NULL,'1723979005_Screenshot (61).png','admin',NULL,'departement',NULL,'jn','','jnjn','SAVE','24-08-18','','','','','','',NULL,'','','1','jn','Dimmble','jn',NULL,NULL,NULL,NULL,NULL),(244,'EL-JI-KN-N-NN-JN-JN-JN-JN-JN','1','jiwojdij',NULL,'jn','jn','n','','','','','','','Osram','','transparent','','nn','','jn','','','','','kni','round','','','','','','','','',NULL,'','','','','','','','','jn','','','',NULL,'1723979102_Screenshot (61).png','admin',NULL,'departement',NULL,'jn','','jnjn','SUBMIT','24-08-18','','','','','','',NULL,'','','1','jn','Dimmble','jn',NULL,NULL,NULL,NULL,NULL),(245,'EL-I-I-IN-IN-IN-IN-IN-NI-NI','1','i',NULL,'nin','ini','in','','','','','','','Osram','','transparent','','in','','in','','','','','i','round','','','','','','','','',NULL,'','','','','','','','','ni','','','',NULL,'1723984671_Screenshot (61).png','admin',NULL,'departement',NULL,'ni','','in','SAVE','24-08-18','','','','','','',NULL,'','','1','in','Dimmble','in',NULL,NULL,NULL,NULL,NULL),(246,'EL-JN-UN-UN-U-NU-NU-UN-U-NU','1','jnujn',NULL,'nun','un','un','','','','','','','Osram','','transparent','','u','','nu','','','','','un','round','','','','','','','','',NULL,'','','','','','','','','nu','','','',NULL,'1723984722_Screenshot (61).png','admin',NULL,'departement',NULL,'u','','u','SAVE','24-08-18','','','','','','',NULL,'','','1','nu','Non dimmable','nun',NULL,NULL,NULL,NULL,NULL),(247,'GL-9J-JI-HU-H-UH-IU-HI-H-IH','6','uh',NULL,'i','iu','','','hi','','','','','hu','','9jij98uj','h','ih','','','ih','ih','','','','ji','','','ih','ih','','ih','','',NULL,'','','','','','','','','h','','','',NULL,'1723984821_Screenshot (60).png','admin',NULL,'departement',NULL,'ihi','','h','inRunning','24-08-18','','','','','','',NULL,'','','9','','','',NULL,NULL,NULL,NULL,NULL),(248,'GL-JI-JI-IJ-IJ-IJ-JI-JI-JI-JI','6','iji',NULL,'mimi','ji','','','ji','','','','','ij','','jijiji','ji','ji','','','i','ji','','','','jij','','','ij','jij','','jij','','',NULL,'','','','','','','','','ij','','','',NULL,'1723984881_Screenshot (61).png','admin',NULL,'departement',NULL,'ij','','i','SAVE','24-08-18','','','','','','',NULL,'','','9','','','',NULL,NULL,NULL,NULL,NULL),(249,'AC-JH-HJ-HJ-HJ-J-HJ-HJ-HJ','10','jhjhj',NULL,'','','','','','','','','','','','hj','','','','','','','j','hj','','hj','','','','','','','','',NULL,'','','','','','','','','hj','','','',NULL,'1723987300_Screenshot (61).png','admin',NULL,'departement',NULL,'hj','','','SAVE','24-08-18','','','','','','',NULL,'','','12','','','','',NULL,NULL,'','hj'),(250,'EL-SH-20-MA-14-15-24-IN-BU-JA','1','shoert',NULL,'Rs.200','INCH','material','','','','','','','wipro','','off-white','','14CM','','15Inch','','','','','200','round','','','','','','','','',NULL,'','','','','','','','','JAIpur','','','',NULL,'1723987754_Screenshot 2024-08-18 185706.png','admin',NULL,'departement',NULL,'bulb 200 electirf','','56%','SAVE','24-08-18','','','','','','',NULL,'','','1','24','Non dimmable','delhi','',NULL,NULL,'',''),(251,'EL-SH-WA-MA-HE-BR-CO-SI-LO-VE','1','Short_Description',NULL,'Price','SI_unit','Material','','','','','','','Osram','','transparent','','Height','','Breadth','','','','','Watt','round','','','','','','','','',NULL,'','','','','','','','','Vendor','','','',NULL,'1723988243_Screenshot 2024-08-18 185706.png','admin',NULL,'departement',NULL,'Long_Description','','Discount','SAVE','24-08-18','','','','','','',NULL,'','','1','Colour_Temparature','Dimmble','Location','',NULL,'E-14','',''),(252,'EL-SH-WA-MA-HE-BR-CO-SI-LO-VE','1','Short_Description',NULL,'Price','SI_unit','Material','','','','','','','Osram','','transparent','','Height','','Breadth','','','','','Watt','round','','','','','','','','',NULL,'','','','','','','','','Vendor','','','',NULL,'1723988599_Screenshot 2024-08-18 185706.png','admin',NULL,'departement',NULL,'Long_Description','','Discount','SAVE','24-08-18','','','','','','',NULL,'','','1','Colour_Temparature','Dimmble','Location','',NULL,'E-14','',''),(253,'ME-DE-SH-MA-FI-TH-BR-UP-BO-CE','7','Short_Description',NULL,'Price','','Material','Design','Finish_type','','','','Thread','','','','','','','Breadth','Upper_Dia','Bottom_Dia','Centre_Hole_dia','','','Shape','','','','','','','','',NULL,'','Inner_Outer_thread','Upper_thread','Lower_thread','Thread_length','','','','Vendor','','','',NULL,'1723988658_Screenshot 2024-08-18 185706.png','admin',NULL,'departement',NULL,'Long_Description','','Discount','SUBMIT','24-08-18','','','','','','',NULL,'','','5','','','','',NULL,'','',''),(254,'EL-SH-WA-MA-HE-BR-CO-SI-LO-VE','1','Short_Description',NULL,'Price','SI_unit','Material','','','','','','','Osram','','transparent','','Height','','Breadth','','','','','Watt','round','','','','','','','','',NULL,'','','','','','','','','Vendor','','','',NULL,'1723988701_Screenshot 2024-08-18 185706.png','admin',NULL,'departement',NULL,'Long_Description','','Discount','SAVE','24-08-18','','','','','','',NULL,'','','1','Colour_Temparature','Dimmble','Location','',NULL,'E-14','',''),(255,'EL-SH-WA-MA-HE-BR-CO-SI-LO-VE','1','Short_Description',NULL,'Price','SI_unit','Material','','','','','','','Osram','','transparent','','Height','','Breadth','','','','','Watt','round','','','','','','','','',NULL,'','','','','','','','','Vendor','','','',NULL,'1723988738_Screenshot 2024-08-18 185706.png','admin',NULL,'departement',NULL,'Long_Description','','Discount','SAVE','24-08-18','','','','','','',NULL,'','','1','Colour_Temparature','Dimmble','Location','',NULL,'E-14','',''),(256,'EL-SH-WA-MA-HE-BR-CO-SI-LO-VE','1','Short_Description',NULL,'Price','SI_unit','Material','','','','','','','Osram','','transparent','','Height','','Breadth','','','','','Watt','round','','','','','','','','',NULL,'','','','','','','','','Vendor','','','',NULL,'1723989553_Screenshot 2024-08-18 185706.png','admin',NULL,'departement',NULL,'Long_Description','','Discount','SAVE','24-08-18','','','','','','',NULL,'','','1','Colour_Temparature','Dimmble','Location','',NULL,'E-14','',''),(257,'EL-SH-WA-MA-HE-BR-CO-SI-LO-VE','1','Short_Description',NULL,'Price','SI_unit','Material','','','','','','','Osram','','transparent','','Height','','Breadth','','','','','Watt','round','','','','','','','','',NULL,'','','','','','','','','Vendor','','','',NULL,'1723989652_Screenshot 2024-08-18 185706.png','admin',NULL,'departement',NULL,'Long_Description','','Discount','SAVE','24-08-18','','','','','','',NULL,'','','1','Colour_Temparature','Dimmble','Location','',NULL,'E-14','',''),(258,'EL-SH-WA-MA-HE-BR-CO-SI-LO-VE','1','Short_Description',NULL,'Price','SI_unit','Material','','','','','','','Osram','Light_Output_colour','transparent','','Height','','Breadth','','','','','Watt','round','','','','','','','','',NULL,'','','','','','','','','Vendor','','','',NULL,'1723989737_Screenshot 2024-08-18 185706.png','admin',NULL,'departement',NULL,'Long_Description','','Discount','SAVE','24-08-18','','','','','','',NULL,'','','1','Colour_Temparature','Dimmble','Location','',NULL,'E-14','',''),(259,'EL-SH-WA-MA-HE-BR-CO-SI-LO-VE','1','Short_Description',NULL,'Price','SI_unit','Material','','','','','','','Osram','null','transparent','','Height','','Breadth','','','','','Watt','round','','','','','','','','',NULL,'','','','','','','','','Vendor','','','',NULL,'1723989773_Screenshot 2024-08-18 185706.png','admin',NULL,'departement',NULL,'Long_Description','','Discount','SAVE','24-08-18','','','','','','',NULL,'','','1','Colour_Temparature','Dimmble','Location','',NULL,'E-14','',''),(260,'EL-SH-WA-MA-HE-BR-CO-SI-LO-VE','1','Short_Description',NULL,'Price','SI_unit','Material','','','','','','','Osram','transparent','transparent','','Height','','Breadth','','','','','Watt','round','','','','','','','','',NULL,'','','','','','','','','Vendor','','','',NULL,'1723989898_Screenshot 2024-08-18 185706.png','admin',NULL,'departement',NULL,'Long_Description','','Discount','SAVE','24-08-18','','','','','','',NULL,'','','1','Colour_Temparature','Dimmble','Location','',NULL,'E-14','',''),(261,'EL-SH-WA-MA-HE-BR-CO-SI-LO-VE','1','Short_Description',NULL,'Price','SI_unit','Material','','','','','','','Osram','transparent','transparent','','Height','','Breadth','','','','','Watt','round','','','','','','','','',NULL,'','','','','','','','','Vendor','','','',NULL,'1723991960_Screenshot 2024-08-18 185706.png','admin',NULL,'departement',NULL,'Long_Description','','Discount','SAVE','24-08-18','','','','','','',NULL,'','','1','Colour_Temparature','Dimmble','Location','',NULL,'E-14','',''),(262,'EL-SH-WA-MA-HE-BR-CO-SI-LO-VE','1','Short_Description',NULL,'Price','SI_unit','Material','','','','','','','Osram','transparent','transparent','','Height','','Breadth','','','','','Watt','round','','','','','','','','',NULL,'','','','','','','','','Vendor','','','',NULL,'1723992332_Screenshot 2024-08-18 185706.png','admin',NULL,'departement',NULL,'Long_Description','','Discount','SAVE','24-08-18','','','','','','',NULL,'','','1','Colour_Temparature','Dimmble','Location','',NULL,'E-14','',''),(263,'EL-SH-WA-MA-HE-BR-CO-SI-LO-VE','1','Short_Description',NULL,'Price','SI_unit','Material','','','','','','','Osram','transparent','transparent','','Height','','Breadth','','','','','Watt','round','','','','','','','','',NULL,'','','','','','','','','Vendor','','','',NULL,'1723992336_Screenshot 2024-08-18 185706.png','admin',NULL,'departement',NULL,'Long_Description','','Discount','SUBMIT','24-08-18','','','','','','',NULL,'','','1','Colour_Temparature','Dimmble','Location','',NULL,'E-14','',''),(264,'EL-SH-WA-MA-HE-BR-CO-SI-LO-VE','1','Short_Description',NULL,'Price','SI_unit','Material','','','','','','','Osram','transparent','transparent','','Height','','Breadth','','','','','Watt','round','','','','','','','','',NULL,'','','','','','','','','Vendor','','','',NULL,'1723998045_Screenshot 2024-08-18 185706.png','admin',NULL,'departement',NULL,'Long_Description','','Discount','SAVE','24-08-18','','','','','','',NULL,'','','1','Colour_Temparature','Dimmble','Location','',NULL,'E-14','',''),(265,'EL-SH-WA-MA-HE-BR-CO-SI-LO-VE','1','Short_Description',NULL,'Price','SI_unit','Material','','','','','','','Osram','transparent','transparent','','Height','','Breadth','','','','','Watt','round','','','','','','','','',NULL,'','','','','','','','','Vendor','','','',NULL,'1723998892_Screenshot 2024-08-18 185706.png','admin',NULL,'departement',NULL,'Long_Description','','Discount','SAVE','24-08-18','','','','','','',NULL,'','','1','Colour_Temparature','Dimmble','Location','',NULL,'E-14','',''),(266,'EL-SH-WA-MA-HE-BR-CO-SI-LO-VE','1','Short_Description',NULL,'Price','SI_unit','Material','','','','','','','Osram','transparent','transparent','','Height','','Breadth','','','','','Watt','round','','','','','','','','',NULL,'','','','','','','','','Vendor','','','',NULL,'1723998913_Screenshot 2024-08-18 185706.png','admin',NULL,'departement',NULL,'Long_Description','','Discount','SAVE','24-08-18','','','','','','',NULL,'','','1','Colour_Temparature','Dimmble','Location','',NULL,'E-14','',''),(267,'EL-SH-WA-MA-HE-BR-CO-SI-LO-VE','1','Short_Description',NULL,'Price','SI_unit','Material','','','','','','','Osram','transparent','transparent','','Height','','Breadth','','','','','Watt','round','','','','','','','','',NULL,'','','','','','','','','Vendor','','','',NULL,'1723999406_Screenshot 2024-08-18 185706.png','admin',NULL,'departement',NULL,'Long_Description','','Discount','SAVE','24-08-18','','','','','','',NULL,'','','1','Colour_Temparature','Dimmble','Location','',NULL,'E-14','',''),(268,'EL-SH-WA-MA-HE-BR-CO-SI-LO-VE','1','Short_Description',NULL,'Price','SI_unit','Material','','','','','','','Osram','transparent','transparent','','Height','','Breadth','','','','','Watt','round','','','','','','','','',NULL,'','','','','','','','','Vendor','','','',NULL,'1723999448_Screenshot 2024-08-18 185706.png','admin',NULL,'departement',NULL,'Long_Description','','Discount','SAVE','24-08-18','','','','','','',NULL,'','','1','Colour_Temparature','Dimmble','Location','',NULL,'E-14','',''),(269,'EL-SH-WA-MA-HE-BR-CO-SI-LO-VE','1','Short_Description',NULL,'Price','SI_unit','Material','','','','','','','Osram','transparent','transparent','','Height','','Breadth','','','','','Watt','round','','','','','','','','',NULL,'','','','','','','','','Vendor','','','',NULL,'1723999451_Screenshot 2024-08-18 185706.png','admin',NULL,'departement',NULL,'Long_Description','','Discount','SAVE','24-08-18','','','','','','',NULL,'','','1','Colour_Temparature','Dimmble','Location','',NULL,'E-14','',''),(270,'EL-SH-WA-MA-HE-BR-CO-SI-LO-VE','1','Short_Description',NULL,'Price','SI_unit','Material','','','','','','','Osram','transparent','transparent','','Height','','Breadth','','','','','Watt','round','','','','','','','','',NULL,'','','','','','','','','Vendor','','','',NULL,'1723999453_Screenshot 2024-08-18 185706.png','admin',NULL,'departement',NULL,'Long_Description','','Discount','SAVE','24-08-18','','','','','','',NULL,'','','1','Colour_Temparature','Dimmble','Location','',NULL,'E-14','',''),(271,'EL-SH-WA-MA-HE-BR-CO-SI-LO-VE','1','Short_Description',NULL,'Price','SI_unit','Material','','','','','','','Osram','transparent','transparent','','Height','','Breadth','','','','','Watt','round','','','','','','','','',NULL,'','','','','','','','','Vendor','','','',NULL,'1723999459_Screenshot 2024-08-18 185706.png','admin',NULL,'departement',NULL,'Long_Description','','Discount','SAVE','24-08-18','','','','','','',NULL,'','','1','Colour_Temparature','Dimmble','Location','',NULL,'E-14','',''),(272,'EL-SH-LE-DI-BR-SI-LO-VE-PR-DI','1','Short_Description',NULL,'Price','SI_unit','Metal','','','','','','','Brand','','Black','','','Length','','','','','','','','','','','','','','','',NULL,'','','','','','','','','Vendor','','','',NULL,'1723999579_Screenshot 2024-08-18 185706.png','admin',NULL,'departement',NULL,'Long_Description','','Discount','SUBMIT','24-08-18','','','','','','',NULL,'','','2','','','Location','',NULL,'E-14','',''),(273,'EL-SH-WA-MA-HE-BR-CO-SI-LO-VE','1','Short_Description',NULL,'Price','SI_unit','Material','','','','','','','Osram','transparent','transparent','','Height','','Breadth','','','','','Watt','round','','','','','','','','',NULL,'','','','','','','','','Vendor','','','',NULL,'1723999605_Screenshot (59).png','admin',NULL,'departement',NULL,'Long_Description','','Discount','SAVE','24-08-18','','','','','','',NULL,'','','1','Colour_Temparature','Dimmble','Location','',NULL,'E-14','',''),(274,'EL-SH-WA-MA-HE-BR-CO-SI-LO-VE','1','Short_Description',NULL,'Price','SI_unit','Material','','','','','','','Osram','transparent','transparent','','Height','','Breadth','','','','','Watt','round','','','','','','','','',NULL,'','','','','','','','','Vendor','','','',NULL,'1723999615_Screenshot (56).png','admin',NULL,'departement',NULL,'Long_Description','','Discount','SAVE','24-08-18','','','','','','',NULL,'','','1','Colour_Temparature','Dimmble','Location','',NULL,'E-14','',''),(275,'GL-CO-BR-VE-SH-SI-CU-HE-WE-LE','6','Short_Description',NULL,'Price','SI_unit','','','','','','','','Brand','','Colour','Cut','Height','Length','Breadth','','','','','','Other','','','No_of_ply','','','Weight','','',NULL,'','','','','','','','','Vendor','','','',NULL,'1724000862_Screenshot (61).png','admin',NULL,'departement',NULL,'Long_Description','','Discount','SAVE','24-08-18','','','','','','',NULL,'','','4','','','Location','top',NULL,'','',''),(276,'EL-SH-WA-MA-HE-BR-CO-SI-LO-VE','1','Short_Description',NULL,'Price','SI_unit','Material','','','','','','','Osram','transparent','transparent','','Height','','Breadth','','','','','Watt','round','','','','','','','','',NULL,'','','','','','','','','Vendor','','','',NULL,'1724000874_Screenshot (60).png','admin',NULL,'departement',NULL,'Long_Description','','Discount','SAVE','24-08-18','','','','','','',NULL,'','','1','Colour_Temparature','Dimmble','Location','',NULL,'E-14','',''),(277,'EL-SH-WA-MA-HE-BR-CO-SI-LO-VE','1','Short_Description',NULL,'Price','SI_unit','Material','','','','','','','Osram','transparent','transparent','','Height','','Breadth','','','','','Watt','round','','','','','','','','',NULL,'','','','','','','','','Vendor','','','',NULL,'1724000897_Screenshot (60).png','admin',NULL,'departement',NULL,'Long_Description','','Discount','SAVE','24-08-18','','','','','','',NULL,'','','1','Colour_Temparature','Dimmble','Location','',NULL,'E-14','',''),(278,'EL-SH-WA-MA-HE-BR-CO-SI-LO-VE','1','Short_Description',NULL,'Price','SI_unit','Material','','','','','','','Osram','transparent','transparent','','Height','','Breadth','','','','','Watt','round','','','','','','','','',NULL,'','','','','','','','','Vendor','','','',NULL,'1724000912_Screenshot (60).png','admin',NULL,'departement',NULL,'Long_Description','','Discount','SAVE','24-08-18','','','','','','',NULL,'','','1','Colour_Temparature','Dimmble','Location','',NULL,'E-14','',''),(279,'EL-SH-WA-MA-HE-BR-CO-SI-LO-VE','1','Short_Description',NULL,'Price','SI_unit','Material','','','','','','','Osram','transparent','transparent','','Height','','Breadth','','','','','Watt','round','','','','','','','','',NULL,'','','','','','','','','Vendor','','','',NULL,'1724000990_Screenshot 2024-08-18 185706.png','admin',NULL,'departement',NULL,'Long_Description','','Discount','SAVE','24-08-18','','','','','','',NULL,'','','1','Colour_Temparature','Dimmble','Location','',NULL,'E-14','',''),(280,'EL-SH-WA-MA-HE-BR-CO-SI-LO-VE','1','Short_Description',NULL,'Price','SI_unit','Material','','','','','','','Osram','transparent','transparent','','Height','','Breadth','','','','','Watt','round','','','','','','','','',NULL,'','','','','','','','','Vendor','','','',NULL,'1724000995_Screenshot 2024-08-18 185706.png','admin',NULL,'departement',NULL,'Long_Description','','Discount','SUBMIT','24-08-18','','','','','','',NULL,'','','1','Colour_Temparature','Dimmble','Location','',NULL,'E-14','',''),(281,'EL-I-I-MA-HE-BR-CO-SI-LO-VE','1','i',NULL,'Price','SI_unit','Material','','','','','','','Osram','transparent','transparent','','Height','','Breadth','','','','','i','round','','','','','','','','',NULL,'','','','','','','','','Vendor','','','',NULL,'1724001274_Screenshot 2024-08-18 185706.png','admin',NULL,'departement',NULL,'Long_Description','','Discount','SAVE','24-08-18','','','','','','',NULL,'','','1','Colour_Temparature','Dimmble','Location','',NULL,'E-14','',''),(282,'PA-SH-LE-BR-HE-NO-VE-LO','12','Short_Description',NULL,'','','','','','','','','','','','','','Height','Length','Breadth','','','','','','','','','No_of_ply','','','','','',NULL,'','','','','','','','','Vendor','','','',NULL,'1724002641_Screenshot 2024-08-18 185706.png','admin',NULL,'departement',NULL,'Long_Description','','','SAVE','24-08-18','','','','','','',NULL,'','','18','','','','',NULL,'','',''),(283,'SH-SH-II-HI-HI-IH-IH-I-HI-IH','9','shoe',NULL,'','','','','','','','','','','','','','ih','','','','hih','','','','','','hi','','iihi','','','','',NULL,'','','','','','','','','ih','','','',NULL,'1724054051_Screenshot 2024-08-18 185706.png','admin',NULL,'departement',NULL,'i','','','SAVE','24-08-19','ihih','i','hih','ih','hih','i',NULL,'hi','hih','11','','','','',NULL,'','',''),(284,'SH-SH-ST-JK-HU-HI-HU-UI-UI-I','9','shher',NULL,'','','','','','','','','','','','','','hiu','','','','huihui','','','','','','jkf','','styek','','','','',NULL,'','','','','','','','','hihh','','','',NULL,'1724057939_Screenshot (60).png','admin',NULL,'departement',NULL,'hi','','','SAVE','24-08-19','huih','uih','uih','i','bh','hi',NULL,'uhuihi','hi','11','','','','',NULL,'','',''),(285,'GL-CO-HS-K-NK-KJ-IH-J-JI-BJ','6','kjbuibhqbhu',NULL,'iuh','ihu','','','j','','','','','k','','color','ji','bj','','','ih','h','','','','hspalre','','','ui','ih','','j','','',NULL,'','','','','','','','','nknknkn','','','',NULL,'1724059732_Screenshot (61).png','admin',NULL,'departement',NULL,'hi','','uh','SAVE','24-08-19','','','','','','',NULL,'','','7','','','','',NULL,'','',''),(286,'GL-JI-IJ-IJ-IJ-JI-JI-IJ-IJ-JI','6','iji',NULL,'ji','ji','','','','','','','','ij','','jij','jij','ij','jij','iji','','','','','','Other','','','ji','','','iji','','',NULL,'','','','','','','','','ij','','','',NULL,'1724060482_Screenshot (61).png','admin',NULL,'departement',NULL,'ji','','ji','SAVE','24-08-19','','','','','','',NULL,'','','4','','','ji','top',NULL,'','',''),(287,'ME-JN-NJ-NK-NJ-KN-KN-NK-NK-NK','7','njk',NULL,'ij','','nkj','jnjk','nj','','','','knj','','','','','','','knj','nk','nk','nk','','','njk','','','','','','','','',NULL,'','njk j nj','njk',' jknj jijjijiji','jij','','','','ijij','','','',NULL,'1724060547_Screenshot (61).png','admin',NULL,'departement',NULL,'jijij','','ijiji','SAVE','24-08-19','','','','','','',NULL,'','','5','','','','',NULL,'','',''),(288,'GL-CO-BR-NI-N-IU-JI-UI-FE-UI','6','N',NULL,'NIU','IUN','','','','','','','','BRTNJ','','color','JIN','UIN','','','UINFEFE','IUN','','','','Circle','','','IUNIU','','','FEF','','',NULL,'','','','','','','','','NIJ','','','',NULL,'1724072255_Screenshot (61).png','admin',NULL,'departement',NULL,'NIU','','NIUNIU','SAVE','24-08-19','','','','','','',NULL,'','','4','','','NIU','Both',NULL,'','',''),(289,'GL-YY-Y-GY-GY-G-YG-Y-GY-GY','6','g',NULL,'g','yg','','','gy','','','','','gy','','yyygygygygyg','y','gy','','','yg','y','','','','y','','','ygy','g','','gyg','','',NULL,'','','','','','','','','gy','','','',NULL,'1724074538_Screenshot (61).png','admin',NULL,'departement',NULL,'gygygy','','gy','inRunning','24-08-19','','','','','','',NULL,'','','6','','','','',NULL,'','',''),(290,'EL-SH-20-MA-24-25-26-IN-LO-JA','1','shoe',NULL,'100','INCH','material','','','','','','','Osram','transparent','transparent','','24','','25','','','','','200','round','','','','','','','','',NULL,'','','','','','','','','jammu','','','',NULL,'1724083359_Screenshot (61).png','admin',NULL,'departement',NULL,'lon','','10','SAVE','24-08-19','','','','','','',NULL,'','','1','26','Dimmble','delhi','',NULL,'E-14','',''),(291,'EL-L;-HU-HU-HU-HU-HU-UH-UH-UH','1','l;ojioko',NULL,'uh','uh','hu','','','','','','','Osram','transparent','transparent','','hu','','hu','','','','','hu','round','','','','','','','','',NULL,'','','','','','','','','uh','','','',NULL,'1724084393_Screenshot (61).png','admin',NULL,'departement',NULL,'uh','','uh','inRunning','24-08-19','','','','','','',NULL,'','','1','hu','Dimmble','u','',NULL,'E-14','',''),(292,'EL-YH-HB-HB-BH-BH-BH-OK-J-UH','1','yhbhbhbhbhbh',NULL,'y','ok','hbh','','','','','','','Osram','transparent','transparent','','bh','','bh','','','','','hb','round','','','','','','','','',NULL,'','','','','','','','','uh','','','',NULL,'1724085479_Screenshot (61).png','admin',NULL,'departement',NULL,'j','','vh','SAVE','24-08-19','','','','','','',NULL,'','','1','bhb','Dimmble','bhv','',NULL,'E-14','',''),(293,'EL-JH-7Y-FU-GU-B-JN-SS-GU-76','1','jhjhj',NULL,'jh','SSI','fu','','','','','','','Osram','transparent','transparent','','guygjh','','b','','','','','7yug','round','','','','','','','','',NULL,'','','','','','','','','76','','','',NULL,'1724085564_Screenshot (61).png','admin',NULL,'departement',NULL,'guytgg67','','jh','SAVE','24-08-19','','','','','','',NULL,'','','1','jniug7','Dimmble','ih','',NULL,'E-14','',''),(294,'EL-HJ-78-G7-8G-78-G8-78-G7-G7','1','hjh78',NULL,'7','78','g78g','','','','','','','Osram','transparent','transparent','','8g','','78','','','','','78g','round','','','','','','','','',NULL,'','','','','','','','','g7g','','','',NULL,'1724085634_Screenshot (61).png','admin',NULL,'departement',NULL,'g78','','g87','SAVE','24-08-19','','','','','','',NULL,'','','1','g87','Dimmble','g8','',NULL,'E-14','',''),(295,'EL-KO-KO-KO-KO-OK-KO-OK-KO-OK','1','kookoko',NULL,'ko','oko','kokokoko','','','','','','','Osram','off-white','transparent','','kok','','okokoko','','','','','ko','round','','','','','','','','',NULL,'','','','','','','','','okoko','','','',NULL,'1724085696_Screenshot (61).png','admin',NULL,'departement',NULL,'kok','','ko','SAVE','24-08-19','','','','','','',NULL,'','','1','kokokok','Dimmble','kok','',NULL,'E-14','',''),(296,'EL-GT-GY-TY-HB-UY-YU-UB-UB-BU','1','gt',NULL,'ybuyb','ub','tyfytftyvhb','','','','','','','Osram','transparent','transparent','','hbhb','','uyb','','','','','gyugufty','round','','','','','','','','',NULL,'','','','','','','','','bubbu','','','',NULL,'1724085800_Screenshot (61).png','admin',NULL,'departement',NULL,'ub','','yb','SAVE','24-08-19','','','','','','',NULL,'','','1','yub','Dimmble','yub','',NULL,'E-14','',''),(297,'EL-JI-JI-IJ-IJ-IJ-JI-JI-JI-JI','1','jijijiji',NULL,'iji','ji','ijijij','','','','','','','Osram','transparent','transparent','','ij','','ijiji','','','','','jijij','round','','','','','','','','',NULL,'','','','','','','','','jij','','','',NULL,'1724085852_Screenshot (61).png','admin',NULL,'departement',NULL,'ji','','ji','SAVE','24-08-19','','','','','','',NULL,'','','1','ji','Dimmble','ji','',NULL,'E-14','',''),(298,'EL-HU-UH-UH-HU-HU-UH-U-B-UU','1','huhuauhuh',NULL,'hu','u','uhu','','','','','','','Osram','transparent','yellow','','hu','','huh','','','','','uh','round','','','','','','','','',NULL,'','','','','','','','','uuhuhu','','','',NULL,'1724085949_Screenshot (61).png','admin',NULL,'departement',NULL,'b','','huh','SAVE','24-08-19','','','','','','',NULL,'','','1','uhuu','Non dimmable','uh','',NULL,'E-14','',''),(299,'EL-JJ-J-JJ-J-J-J-J-JI-JI','1','Bulb-jj-j-jj-j-j-j-j-jiji-jij',NULL,'ij','j','jj','','','','','','','Osram','transparent','transparent','','j','','j','','','','','j','round','','','','','','','','',NULL,'','','','','','','','','jij','','','',NULL,'1724086047_Screenshot 2024-08-18 185706.png','admin',NULL,'departement',NULL,'jiji','','iji','SAVE','24-08-19','','','','','','',NULL,'','','1','j','Dimmble','ji','',NULL,'E-14','',''),(300,'EL-KD-IU-YG-Y-GY-UG-YU-YU-YU','1','BULB-KDWH-IUG-YG-Y-GY-UG-YUG-YUG-YU',NULL,'gyu','yug','yg','','','','','','','Osram','transparent','transparent','','y','','gy','','','','','iug','round','','','','','','','','',NULL,'','','','','','','','','yu','','','',NULL,'1724086291_Screenshot 2024-08-18 185706.png','admin',NULL,'departement',NULL,'yug','','guygy','SAVE','24-08-19','','','','','','',NULL,'','','1','ug','Dimmble','g','',NULL,'E-14','',''),(301,'EL-NU-HU-HI-HU-HI-HU-HI-H-UI','1','BULB-NUI-HU-HI-HUI-HI-HUI-HI-H-UIH',NULL,'iuh','hi','hi','','','','','','','Osram','transparent','transparent','','hui','','hi','','','','','hu','round','','','','','','','','',NULL,'','','','','','','','','uih','','','',NULL,'1724086418_Screenshot 2024-08-18 185706.png','admin',NULL,'departement',NULL,'h','','iuh','SAVE','24-08-19','','','','','','',NULL,'','','1','hui','Dimmble','iu','',NULL,'E-14','',''),(302,'EL-DO-UI-HU-HU-HI-H-H-IU-IH','1','BULB-DOEJ-UI-HUI-HUI-HIU-H-H-IUHU-IHIU',NULL,'hu','h','hui','','','','','','','Osram','transparent','transparent','','hui','','hiu','','','','','ui','round','','','','','','','','',NULL,'','','','','','','','','ihiu','','','',NULL,'1724086466_Screenshot 2024-08-18 185706.png','admin',NULL,'departement',NULL,'iuhu','','ihiuh','SAVE','24-08-19','','','','','','',NULL,'','','1','h','Dimmble','iuh','',NULL,'E-14','',''),(303,'ST-IH-HU-HI-HU-I-GY-UV','8','STAIONARY-IHU-HUI-HIU-HUI-I-GY-UV',NULL,'i','','','','','','','','','uv','','hui','','','','','','','','hui','','','','','','','','','','',NULL,'','','','','','','','','gy','','','',NULL,'1724086547_Screenshot 2024-08-18 185706.png','admin',NULL,'departement',NULL,'','','','SAVE','24-08-19','','','','','','',NULL,'','','10','','','','',NULL,'','hiu',''),(304,'EL-MI-T-DR-FT-FT-TY-KM-FY-FY','1','BULB-MIJI-T-DR-FT-FTF-TYF-KMIO-FY-FYF',NULL,'yf','kmio','dr','','','','','','','Osram','transparent','transparent','','ft','','ftf','','','','','t','round','','','','','','','','',NULL,'','','','','','','','','fyf','','','',NULL,'1724086665_Screenshot 2024-08-18 185706.png','admin',NULL,'departement',NULL,'fy','','yf','SAVE','24-08-19','','','','','','',NULL,'','','1','tyf','Dimmble','yf','',NULL,'E-14','',''),(305,'EL-SH-JH-HJ-HJ-HJ-HJ-HJ-HJ-HJ','1','BULB-SHOR-JHJ-HJ-HJ-HJ',NULL,'hj','hj','hj','','','','','','','Osram','transparent','transparent','','hj','','hj','','','','','jhj','round','','','','','','','','',NULL,'','','','','','','','','hj','','','',NULL,'1724087897_Screenshot 2024-08-18 185706.png','admin',NULL,'departement',NULL,'hj','','hj','inRunning','24-08-19','','','','','','',NULL,'','','1','hj','Dimmble','hj','',NULL,'E-14','',''),(306,'EL-FN-UY-UY-UY-YU-GU-UY-GU-GY','1','BULB-FNIS-UYG-UYG-UYG-YU',NULL,'guyguy','uy','uyg','','','','','','','Osram','yellow','transparent','','uyg','','yu','','','','','uyg','round','','','','','','','','',NULL,'','','','','','','','','gyu','','','',NULL,'1724088124_Screenshot 2024-08-18 185706.png','admin',NULL,'departement',NULL,'guy','','guy','inRunning','24-08-19','','','','','','',NULL,'','','1','guy','Dimmble','guy','',NULL,'E-14','',''),(307,'EL-NJ-MA-MA-MA-MA-MA-MA-MA-MA','1','BULB-NJ-MANI-MANI-MANI-MANI',NULL,'cmanish','manish','manish','','','','','','','Osram','yellow','transparent','','manish','','manish','','','','','manish','round','','','','','','','','',NULL,'','','','','','','','','manish','','','',NULL,'1724088219_Screenshot 2024-08-18 185706.png','admin',NULL,'departement',NULL,'manish','','manish','inRunning','24-08-19','','','','','','',NULL,'','','1','manish','Dimmble','manish','',NULL,'E-14','','');
/*!40000 ALTER TABLE `item_master_temp` ENABLE KEYS */;
UNLOCK TABLES;

--
-- Table structure for table `itemattribute`
--

DROP TABLE IF EXISTS `itemattribute`;
/*!40101 SET @saved_cs_client     = @@character_set_client */;
/*!50503 SET character_set_client = utf8mb4 */;
CREATE TABLE `itemattribute` (
  `id` int NOT NULL AUTO_INCREMENT,
  `attribute_id` int DEFAULT NULL,
  `item_code` int DEFAULT NULL,
  `attribute_value` varchar(45) DEFAULT NULL,
  PRIMARY KEY (`id`)
) ENGINE=InnoDB AUTO_INCREMENT=301 DEFAULT CHARSET=utf8mb4 COLLATE=utf8mb4_0900_ai_ci;
/*!40101 SET character_set_client = @saved_cs_client */;

--
-- Dumping data for table `itemattribute`
--

LOCK TABLES `itemattribute` WRITE;
/*!40000 ALTER TABLE `itemattribute` DISABLE KEYS */;
INSERT INTO `itemattribute` VALUES (1,62,51,'bulb'),(2,63,51,'compone'),(3,64,51,''),(4,65,51,''),(5,66,51,''),(6,67,51,''),(7,68,51,''),(8,69,51,''),(9,70,51,'vendor'),(10,71,51,'description'),(11,72,51,''),(12,62,52,'bulb'),(13,63,52,'compone'),(14,64,52,''),(15,65,52,''),(16,66,52,''),(17,67,52,''),(18,68,52,''),(19,69,52,''),(20,70,52,'vendor'),(21,71,52,'description'),(22,72,52,''),(23,1,53,''),(24,2,53,''),(25,16,53,''),(26,17,53,''),(27,18,53,''),(28,19,53,''),(29,20,53,''),(30,21,53,''),(31,22,53,''),(32,23,53,''),(33,24,53,''),(34,25,53,''),(35,26,53,''),(36,27,53,''),(37,28,53,''),(38,29,53,''),(39,61,53,''),(40,1,54,''),(41,2,54,''),(42,16,54,''),(43,17,54,''),(44,18,54,''),(45,19,54,''),(46,20,54,''),(47,21,54,''),(48,22,54,''),(49,23,54,''),(50,24,54,''),(51,25,54,''),(52,26,54,''),(53,27,54,''),(54,28,54,''),(55,29,54,''),(56,61,54,''),(57,1,55,''),(58,2,55,''),(59,16,55,''),(60,17,55,''),(61,18,55,''),(62,19,55,''),(63,20,55,''),(64,21,55,''),(65,22,55,''),(66,23,55,''),(67,24,55,''),(68,25,55,''),(69,26,55,''),(70,27,55,''),(71,28,55,''),(72,29,55,''),(73,61,55,''),(74,1,56,''),(75,2,56,''),(76,16,56,''),(77,17,56,''),(78,18,56,''),(79,19,56,''),(80,20,56,''),(81,21,56,''),(82,22,56,''),(83,23,56,''),(84,24,56,''),(85,25,56,''),(86,26,56,''),(87,27,56,''),(88,28,56,''),(89,29,56,''),(90,61,56,''),(91,1,57,''),(92,2,57,''),(93,16,57,''),(94,17,57,''),(95,18,57,''),(96,19,57,''),(97,20,57,''),(98,21,57,''),(99,22,57,''),(100,23,57,''),(101,24,57,''),(102,25,57,''),(103,26,57,''),(104,27,57,''),(105,28,57,''),(106,29,57,''),(107,61,57,''),(108,1,58,''),(109,2,58,''),(110,16,58,''),(111,17,58,''),(112,18,58,''),(113,19,58,''),(114,20,58,''),(115,21,58,''),(116,22,58,''),(117,23,58,''),(118,24,58,''),(119,25,58,''),(120,26,58,''),(121,27,58,''),(122,28,58,''),(123,29,58,''),(124,61,58,''),(125,1,59,''),(126,2,59,''),(127,16,59,''),(128,17,59,''),(129,18,59,''),(130,19,59,''),(131,20,59,''),(132,21,59,''),(133,22,59,''),(134,23,59,''),(135,24,59,''),(136,25,59,''),(137,26,59,''),(138,27,59,''),(139,28,59,''),(140,29,59,''),(141,61,59,''),(142,1,60,''),(143,2,60,''),(144,16,60,''),(145,17,60,''),(146,18,60,''),(147,19,60,''),(148,20,60,''),(149,21,60,''),(150,22,60,''),(151,23,60,''),(152,24,60,''),(153,25,60,''),(154,26,60,''),(155,27,60,''),(156,28,60,''),(157,29,60,''),(158,61,60,''),(159,1,61,''),(160,2,61,''),(161,16,61,''),(162,17,61,''),(163,18,61,''),(164,19,61,''),(165,20,61,''),(166,21,61,''),(167,22,61,''),(168,23,61,''),(169,24,61,''),(170,25,61,''),(171,26,61,''),(172,27,61,''),(173,28,61,''),(174,29,61,''),(175,61,61,''),(176,1,62,''),(177,2,62,''),(178,16,62,''),(179,17,62,''),(180,18,62,''),(181,19,62,''),(182,20,62,''),(183,21,62,''),(184,22,62,''),(185,23,62,''),(186,24,62,''),(187,25,62,''),(188,26,62,''),(189,27,62,''),(190,28,62,''),(191,29,62,''),(192,61,62,''),(193,41,63,'iou'),(194,42,63,''),(195,43,63,''),(196,44,63,''),(197,45,63,''),(198,46,63,''),(199,47,63,''),(200,48,63,''),(201,49,63,''),(202,50,63,''),(203,41,64,'components'),(204,42,64,'78'),(205,43,64,'78'),(206,44,64,'black'),(207,45,64,'sjdkwo'),(208,46,64,'SIO'),(209,47,64,''),(210,48,64,''),(211,49,64,''),(212,50,64,''),(213,1,65,'fo4pfi'),(214,2,65,'pjpo'),(215,16,65,'jo'),(216,17,65,'jo'),(217,18,65,'j'),(218,19,65,'oj'),(219,20,65,'oj'),(220,21,65,'oj'),(221,22,65,'oj'),(222,23,65,'oj'),(223,24,65,'oj'),(224,25,65,'oj'),(225,26,65,'oj'),(226,27,65,'o'),(227,28,65,'oj'),(228,29,65,'oj'),(229,61,65,'oj'),(230,1,66,'fo4pfi'),(231,2,66,'pjpo'),(232,16,66,'jo'),(233,17,66,'jo'),(234,18,66,'j'),(235,19,66,'oj'),(236,20,66,'oj'),(237,21,66,'oj'),(238,22,66,'oj'),(239,23,66,'oj'),(240,24,66,'oj'),(241,25,66,'oj'),(242,26,66,'oj'),(243,27,66,'o'),(244,28,66,'oj'),(245,29,66,'oj'),(246,61,66,'oj'),(247,1,67,'fo4pfi'),(248,2,67,'pjpo'),(249,16,67,'jo'),(250,17,67,'jo'),(251,18,67,'j'),(252,19,67,'oj'),(253,20,67,'oj'),(254,21,67,'oj'),(255,22,67,'oj'),(256,23,67,'oj'),(257,24,67,'oj'),(258,25,67,'oj'),(259,26,67,'oj'),(260,27,67,'o'),(261,28,67,'oj'),(262,29,67,'oj'),(263,61,67,'oj'),(264,1,68,''),(265,2,68,''),(266,16,68,''),(267,17,68,''),(268,18,68,''),(269,19,68,''),(270,20,68,''),(271,21,68,''),(272,22,68,''),(273,23,68,''),(274,24,68,''),(275,25,68,''),(276,26,68,''),(277,27,68,''),(278,28,68,''),(279,29,68,''),(280,61,68,''),(281,51,69,''),(282,52,69,''),(283,53,69,''),(284,54,69,''),(285,55,69,''),(286,56,69,''),(287,57,69,''),(288,58,69,''),(289,59,69,''),(290,60,69,''),(291,51,70,''),(292,52,70,''),(293,53,70,''),(294,54,70,''),(295,55,70,''),(296,56,70,''),(297,57,70,''),(298,58,70,''),(299,59,70,''),(300,60,70,'');
/*!40000 ALTER TABLE `itemattribute` ENABLE KEYS */;
UNLOCK TABLES;

--
-- Table structure for table `itemmaster`
--

DROP TABLE IF EXISTS `itemmaster`;
/*!40101 SET @saved_cs_client     = @@character_set_client */;
/*!50503 SET character_set_client = utf8mb4 */;
CREATE TABLE `itemmaster` (
  `S_No` int NOT NULL AUTO_INCREMENT,
  `item_code` varchar(200) NOT NULL,
  `Item_Category` varchar(100) DEFAULT NULL,
  `Item_Name` varchar(255) DEFAULT NULL,
  `sub_category` varchar(100) DEFAULT NULL,
  `Item_Type` varchar(100) DEFAULT NULL,
  `si_unit` varchar(50) DEFAULT NULL,
  `Material` varchar(100) DEFAULT NULL,
  `Design` varchar(100) DEFAULT NULL,
  `Finish_type` varchar(100) DEFAULT NULL,
  `Half_Full_Thread` varchar(50) DEFAULT NULL,
  `Holder_Thread` varchar(50) DEFAULT NULL,
  `Holder_type` varchar(100) DEFAULT NULL,
  `Thread` varchar(100) DEFAULT NULL,
  `Brand` varchar(100) DEFAULT NULL,
  `Light_Output_colour` varchar(50) DEFAULT NULL,
  `Colour` varchar(50) DEFAULT NULL,
  `Cut` varchar(50) DEFAULT NULL,
  `Height` varchar(50) DEFAULT NULL,
  `Length` varchar(50) DEFAULT NULL,
  `Breadth` varchar(50) DEFAULT NULL,
  `Upper_Dia` varchar(50) DEFAULT NULL,
  `Bottom_Dia` varchar(50) DEFAULT NULL,
  `Centre_Hole_dia` varchar(50) DEFAULT NULL,
  `Size` varchar(50) DEFAULT NULL,
  `watt` varchar(50) DEFAULT NULL,
  `Shape` varchar(100) DEFAULT NULL,
  `Side_Hole_dia` varchar(50) DEFAULT NULL,
  `Top_hole_dia` varchar(50) DEFAULT NULL,
  `No_of_ply` varchar(50) DEFAULT NULL,
  `Style` varchar(100) DEFAULT NULL,
  `Thickness` varchar(50) DEFAULT NULL,
  `Weight` varchar(50) DEFAULT NULL,
  `Depth` varchar(50) DEFAULT NULL,
  `Bottom_hole_dia` varchar(50) DEFAULT NULL,
  `Bottom_hole` varchar(100) DEFAULT NULL,
  `Core` varchar(100) DEFAULT NULL,
  `Inner_Outer_thread` varchar(50) DEFAULT NULL,
  `Upper_thread` varchar(50) DEFAULT NULL,
  `Lower_thread` varchar(50) DEFAULT NULL,
  `Thread_length` varchar(50) DEFAULT NULL,
  `Indian_Imported` varchar(50) DEFAULT NULL,
  `In_built_switch` varchar(50) DEFAULT NULL,
  `Wire_type` varchar(100) DEFAULT NULL,
  `vendor` varchar(100) DEFAULT NULL,
  `attribute1` varchar(50) DEFAULT NULL,
  `attribute2` varchar(45) DEFAULT NULL,
  `attribute3` varchar(100) DEFAULT NULL,
  `itemmastercol` varchar(45) DEFAULT NULL,
  `imagePath` varchar(45) DEFAULT NULL,
  PRIMARY KEY (`S_No`)
) ENGINE=InnoDB AUTO_INCREMENT=26 DEFAULT CHARSET=utf8mb4 COLLATE=utf8mb4_0900_ai_ci;
/*!40101 SET character_set_client = @saved_cs_client */;

--
-- Dumping data for table `itemmaster`
--

LOCK TABLES `itemmaster` WRITE;
/*!40000 ALTER TABLE `itemmaster` DISABLE KEYS */;
INSERT INTO `itemmaster` VALUES (1,'abc','electric','bulb','electric','electric','1','desret sand','round','glassy','no','1','plastic','1','surya','yellow','white','ys','10.00','20.00','40.00','12.30','20.40','43.40','large','200.00','rounde','29.12','5.00','12','sharp','1.50','200.00','12.00','10.50','10','plastic','ys','upper thread ','lower thred','10.00','yes ','no','fiber','east delhi vendore',NULL,NULL,NULL,NULL,NULL),(2,'itemabc2','utencile','fry pan ','utencil','utencil','10','iron','round','non stick',NULL,NULL,NULL,NULL,'example brand',NULL,NULL,NULL,'5.00','12.00','25.00','25.05','12.24','4.30','medium',NULL,'round',NULL,NULL,NULL,'round','2.00','400.00','32.00','32.00','23','non stick',NULL,NULL,NULL,NULL,'no',NULL,NULL,'east delhi vendor',NULL,NULL,NULL,NULL,NULL),(3,'WHIT-ALUM-GLOS-ROUN-SHAR-23-BREA-HEIG-WEIG-UP-BD-STYL-NOOF-VEND-DISC-IMG-TEST-','Electrical','','Bulb','','0','Aluminum','','','','','','','','','white','','','23','','','','','','','round','','','','','','','','','','','','','','','','','','VENDORE',NULL,NULL,NULL,NULL,''),(4,'MA-CU-FE------DE-IM-WI-','Electrical','','Wire','','0','material ','','','','','','','','','','','','','','','','','','','','','','','','','','','','','','','','','','','','wireType','',NULL,NULL,NULL,NULL,'imahe'),(5,'MA-CU-FE------DE-IM-WI-','Electrical','','Wire','','0','material ','','','','','','','','','','','','','','','','','','','','','','','','','','','','','','','','','','','','wireType','',NULL,NULL,NULL,NULL,'imahe'),(6,'-----------------SH-20-20-','Electrical','','Bulb','','0','','','','','','','','','','','','','','','','','','','200watt','','','','','','','','','','','','','','','','','','','',NULL,NULL,NULL,NULL,''),(7,'CU-VE-OR-WA-DI-SH-SI-BR-IM-LO-LI-','Electrical','','Bulb','','0','','','','','','','','brand','ligh out[','skyblue','','','','','','','','size','Watt','shape','','','','','','','','','','','','','','','','','','VENDER',NULL,NULL,NULL,NULL,'images'),(8,'-----------','Electrical','','Bulb','','0','','','','','','','','','','red','','','','','','','','','','','','','','','','','','','','','','','','','','','','',NULL,NULL,NULL,NULL,''),(9,'-----------','Electrical','','Bulb','','0','','','','','','','','','','red','','','','','','','','','','','','','','','','','','','','','','','','','','','','',NULL,NULL,NULL,NULL,''),(10,'CU-VE-OR-WA-DI-SH-SI-BR-IM-LO-LI-','Electrical','','Bulb','','0','','','','','','','','brand','ligh out[','skyblue','','','','','','','','size','Watt','shape','','','','','','','','','','','','','','','','','','VENDER',NULL,NULL,NULL,NULL,'images'),(11,'------------','Electrical','','Bulb','','0','','','','','','','','','','red','','','','','','','','','','','','','','','','','','','','','','','','','','','','',NULL,NULL,NULL,NULL,''),(12,'------------','Electrical','','Bulb','','0','','','','','','','','','','red','','','','','','','','','','','','','','','','','','','','','','','','','','','','',NULL,NULL,NULL,NULL,''),(13,'------------','Electrical','','Bulb','','0','','','','','','','','','','red','','','','','','','','','','','','','','','','','','','','','','','','','','','','',NULL,NULL,NULL,NULL,''),(14,'------------','Electrical','','Bulb','','0','','','','','','','','','','red','','','','','','','','','','','','','','','','','','','','','','','','','','','','',NULL,NULL,NULL,NULL,''),(15,'------------','Electrical','','Bulb','','0','','','','','','','','','','red','','','','','','','','','','','','','','','','','','','','','','','','','','','','',NULL,NULL,NULL,NULL,''),(16,'------------','Electrical','','Bulb','','0','','','','','','','','','','red','','','','','','','','','','','','','','','','','','','','','','','','','','','','',NULL,NULL,NULL,NULL,''),(17,'WHIT-ALUM-GLOS-ROUN-SHAR-23-BREA-HEIG-WEIG-UP-BD-STYL-NOOF-VEND-DISC-IMG-TEST-','Electrical','','Bulb','','0','Aluminum','','','','','','','','','white','','','23','','','','','','','round','','','','','','','','','','','','','','','','','','VENDORE',NULL,NULL,NULL,NULL,''),(18,'ALUM-CUT-----SIZE-----','Electrical','','Wire','','0','Aluminum','','','','','','','','','','','','','','','','','size','','','','','','','','','','','','','','','','','','','','',NULL,NULL,NULL,NULL,''),(19,'MA-CU-FE------DE-IM-WI-','Electrical','','Wire','','0','material ','','','','','','','','','','','','','','','','','','','','','','','','','','','','','','','','','','','','wireType','',NULL,NULL,NULL,NULL,'imahe'),(20,'MA-CU-FE------DE-IM-WI-','Electrical','','Wire','','0','material ','','','','','','','','','','','','','','','','','','','','','','','','','','','','','','','','','','','','wireType','',NULL,NULL,NULL,NULL,'imahe'),(21,'MA-CU-FE------DE-IM-WI-','Electrical','','Wire','','0','material ','','','','','','','','','','','','','','','','','','','','','','','','','','','','','','','','','','','','wireType','',NULL,NULL,NULL,NULL,'imahe'),(22,'WHIT-ALUM-GLOS-ROUN-SHAR-23-BREA-HEIG-WEIG-UP-BD-STYL-NOOF-VEND-DISC-IMG-TEST-','Electrical','','Bulb','','0','Aluminum','','','','','','','','','white','','','23','','','','','','','round','','','','','','','','','','','','','','','','','','VENDORE',NULL,NULL,NULL,NULL,''),(23,'C:------------','Electrical','','Bulb','','0','','','','','','','','','','red','','','','','','','','','','','','','','','','','','','','','','','','','','','','',NULL,NULL,NULL,NULL,''),(24,'C:------------','Electrical','','Bulb','','0','','','','','','','','','','red','','','','','','','','','','','','','','','','','','','','','','','','','','','','',NULL,NULL,NULL,NULL,''),(25,'C:------------','Electrical','','Bulb','','0','','','','','','','','','','red','','','','','','','','','','','','','','','','','','','','','','','','','','','','',NULL,NULL,NULL,NULL,'');
/*!40000 ALTER TABLE `itemmaster` ENABLE KEYS */;
UNLOCK TABLES;

--
-- Table structure for table `itemmastercategory`
--

DROP TABLE IF EXISTS `itemmastercategory`;
/*!40101 SET @saved_cs_client     = @@character_set_client */;
/*!50503 SET character_set_client = utf8mb4 */;
CREATE TABLE `itemmastercategory` (
  `categoryId` int NOT NULL AUTO_INCREMENT,
  `catagory_name` varchar(45) NOT NULL,
  PRIMARY KEY (`categoryId`),
  UNIQUE KEY `itemMasterCategorycol_UNIQUE` (`categoryId`)
) ENGINE=InnoDB AUTO_INCREMENT=13 DEFAULT CHARSET=utf8mb4 COLLATE=utf8mb4_0900_ai_ci;
/*!40101 SET character_set_client = @saved_cs_client */;

--
-- Dumping data for table `itemmastercategory`
--

LOCK TABLES `itemmastercategory` WRITE;
/*!40000 ALTER TABLE `itemmastercategory` DISABLE KEYS */;
INSERT INTO `itemmastercategory` VALUES (1,'Electrical'),(6,'Glass'),(7,'Metal'),(8,'Stationary'),(9,'Shades'),(10,'Acrylic_Shades'),(11,'Crystal'),(12,'Packaging');
/*!40000 ALTER TABLE `itemmastercategory` ENABLE KEYS */;
UNLOCK TABLES;

--
-- Table structure for table `itemmasterheader`
--

DROP TABLE IF EXISTS `itemmasterheader`;
/*!40101 SET @saved_cs_client     = @@character_set_client */;
/*!50503 SET character_set_client = utf8mb4 */;
CREATE TABLE `itemmasterheader` (
  `itemid` int NOT NULL AUTO_INCREMENT,
  `item_code` varchar(1000) DEFAULT NULL,
  `categoryId` int NOT NULL,
  `item_name` varchar(45) DEFAULT NULL,
  `price` varchar(45) DEFAULT NULL,
  `subcatid` int NOT NULL,
  `status` varchar(45) DEFAULT 'SAVE',
  PRIMARY KEY (`itemid`)
) ENGINE=InnoDB AUTO_INCREMENT=77 DEFAULT CHARSET=utf8mb4 COLLATE=utf8mb4_0900_ai_ci;
/*!40101 SET character_set_client = @saved_cs_client */;

--
-- Dumping data for table `itemmasterheader`
--

LOCK TABLES `itemmasterheader` WRITE;
/*!40000 ALTER TABLE `itemmasterheader` DISABLE KEYS */;
INSERT INTO `itemmasterheader` VALUES (1,'itemMasterItemcCodeGen',1,NULL,NULL,1,'SAVE'),(2,'itemMasterItemcCodeGen',1,NULL,NULL,1,'SAVE'),(3,'itemMasterItemcCodeGen',1,NULL,NULL,1,'SAVE'),(4,'itemMasterItemcCodeGen',1,NULL,NULL,1,'SAVE'),(5,'itemMasterItemcCodeGen',1,NULL,NULL,1,'SAVE'),(6,'itemMasterItemcCodeGen',1,NULL,NULL,1,'SAVE'),(7,'itemMasterItemcCodeGen',1,NULL,NULL,1,'SAVE'),(8,'itemMasterItemcCodeGen',1,NULL,NULL,1,'SAVE'),(9,'itemMasterItemcCodeGen',1,NULL,NULL,1,'SAVE'),(10,'itemMasterItemcCodeGen',1,NULL,NULL,1,'SAVE'),(11,'itemMasterItemcCodeGen',1,NULL,NULL,1,'SAVE'),(12,'itemMasterItemcCodeGen',1,NULL,NULL,1,'SAVE'),(13,'itemMasterItemcCodeGen',1,NULL,NULL,1,'SAVE'),(14,'itemMasterItemcCodeGen',1,NULL,NULL,1,'SAVE'),(15,'itemMasterItemcCodeGen',1,NULL,NULL,1,'SAVE'),(16,'itemMasterItemcCodeGen',1,NULL,NULL,1,'SAVE'),(17,'itemMasterItemcCodeGen',1,NULL,NULL,1,'SAVE'),(18,'itemMasterItemcCodeGen',1,NULL,NULL,1,'SAVE'),(19,'itemMasterItemcCodeGen',1,NULL,NULL,1,'SAVE'),(20,'itemMasterItemcCodeGen',1,NULL,NULL,1,'SAVE'),(21,'itemMasterItemcCodeGen',1,NULL,NULL,1,'SAVE'),(22,'itemMasterItemcCodeGen',1,NULL,NULL,1,'SAVE'),(23,'itemMasterItemcCodeGen',1,NULL,NULL,1,'SAVE'),(24,'itemMasterItemcCodeGen',1,NULL,NULL,1,'SAVE'),(25,'itemMasterItemcCodeGen',1,NULL,NULL,1,'SAVE'),(26,'itemMasterItemcCodeGen',1,NULL,NULL,1,'SAVE'),(27,'itemMasterItemcCodeGen',1,NULL,NULL,1,'SAVE'),(28,'itemMasterItemcCodeGen',1,NULL,NULL,1,'SAVE'),(29,'itemMasterItemcCodeGen',1,NULL,NULL,1,'SAVE'),(30,'itemMasterItemcCodeGen',1,NULL,NULL,1,'SAVE'),(31,'itemMasterItemcCodeGen',1,NULL,NULL,1,'SAVE'),(32,'itemMasterItemcCodeGen',1,NULL,NULL,1,'SAVE'),(33,'itemMasterItemcCodeGen',1,NULL,NULL,1,'SAVE'),(34,'itemMasterItemcCodeGen',1,NULL,NULL,1,'SAVE'),(35,'itemMasterItemcCodeGen',1,NULL,NULL,1,'SAVE'),(36,'itemMasterItemcCodeGen',1,NULL,NULL,1,'SAVE'),(37,'itemMasterItemcCodeGen',1,NULL,NULL,1,'SAVE'),(38,'itemMasterItemcCodeGen',1,NULL,NULL,4,'SAVE'),(39,'itemMasterItemcCodeGen',1,NULL,NULL,4,'SAVE'),(40,'itemMasterItemcCodeGen',1,NULL,NULL,4,'SAVE'),(41,'itemMasterItemcCodeGen',1,NULL,NULL,4,'SAVE'),(42,'itemMasterItemcCodeGen',1,NULL,NULL,4,'SAVE'),(43,'itemMasterItemcCodeGen',1,NULL,NULL,4,'SAVE'),(44,'itemMasterItemcCodeGen',1,NULL,NULL,4,'SAVE'),(45,'itemMasterItemcCodeGen',1,NULL,NULL,4,'SAVE'),(46,'itemMasterItemcCodeGen',1,NULL,NULL,4,'SAVE'),(47,'itemMasterItemcCodeGen',1,NULL,NULL,4,'SAVE'),(48,'itemMasterItemcCodeGen',1,NULL,NULL,4,'SAVE'),(49,'itemMasterItemcCodeGen',1,NULL,NULL,4,'SAVE'),(50,'itemMasterItemcCodeGen',1,NULL,NULL,4,'SAVE'),(51,'itemMasterItemcCodeGen',1,NULL,NULL,4,'SAVE'),(52,'itemMasterItemcCodeGen',1,NULL,NULL,4,'SAVE'),(53,'itemMasterItemcCodeGen',1,NULL,NULL,1,'SAVE'),(54,'itemMasterItemcCodeGen',1,NULL,NULL,1,'SAVE'),(63,'IO',1,NULL,NULL,2,'SAVE'),(64,'CO7878BLSJSI',1,NULL,NULL,2,'SAVE'),(65,'FO4P-PJPO-JO-JO-J-OJ-OJ-OJ-OJ-OJ-OJ-OJ-OJ-O-OJ-OJ-OJ-',1,NULL,NULL,1,'SAVE'),(66,'FO4P-PJPO-JO-JO-J-OJ-OJ-OJ-OJ-OJ-OJ-OJ-OJ-O-OJ-OJ-OJ-',1,NULL,NULL,1,'SAVE'),(67,'FO4P-PJPO-JO-JO-J-OJ-OJ-OJ-OJ-OJ-OJ-OJ-OJ-O-OJ-OJ-OJ-',1,NULL,NULL,1,'SAVE'),(68,'-----------------',1,NULL,NULL,1,'SAVE'),(69,'----------',1,NULL,NULL,3,'SAVE'),(70,'----------',1,NULL,NULL,3,'SAVE'),(71,'-----------------',1,NULL,NULL,1,'SAVE'),(72,'BLAC-GQ----------------',1,NULL,NULL,1,'SAVE'),(73,'BLAC-GQ----------------',1,NULL,NULL,1,'SAVE'),(74,'BLAC-GQ----------------',1,NULL,NULL,1,'SAVE'),(75,'BLAC-GQ----------------',1,NULL,NULL,1,'SAVE'),(76,'BLAC-GQ----------------',1,NULL,NULL,1,'SAVE');
/*!40000 ALTER TABLE `itemmasterheader` ENABLE KEYS */;
UNLOCK TABLES;

--
-- Table structure for table `requireattributeforcatname`
--

DROP TABLE IF EXISTS `requireattributeforcatname`;
/*!40101 SET @saved_cs_client     = @@character_set_client */;
/*!50503 SET character_set_client = utf8mb4 */;
CREATE TABLE `requireattributeforcatname` (
  `attr_id` int NOT NULL AUTO_INCREMENT,
  `SubcatId` int NOT NULL,
  `name` varchar(45) DEFAULT NULL,
  `default_value` varchar(45) DEFAULT NULL,
  `type` varchar(45) DEFAULT NULL,
  `placeholder` varchar(45) DEFAULT NULL,
  `dropdown` varchar(45) DEFAULT 'no',
  PRIMARY KEY (`attr_id`)
) ENGINE=InnoDB AUTO_INCREMENT=400 DEFAULT CHARSET=utf8mb4 COLLATE=utf8mb4_0900_ai_ci;
/*!40101 SET character_set_client = @saved_cs_client */;

--
-- Dumping data for table `requireattributeforcatname`
--

LOCK TABLES `requireattributeforcatname` WRITE;
/*!40000 ALTER TABLE `requireattributeforcatname` DISABLE KEYS */;
INSERT INTO `requireattributeforcatname` VALUES (1,1,'Short_Description','','txt','','no'),(27,1,'Colour',NULL,'txt',NULL,'yes'),(44,2,'Short_Description',NULL,'txt',NULL,'no'),(46,2,'Colour',NULL,'txt',NULL,'yes'),(48,2,'Length',NULL,'txt',NULL,'no'),(51,3,'Short_Description',NULL,'txt',NULL,'no'),(56,3,'Colour',NULL,'txt',NULL,'no'),(57,3,'Length',NULL,'txt',NULL,'no'),(58,3,'Size',NULL,'txt',NULL,'no'),(66,4,'Colour',NULL,NULL,NULL,'no'),(68,4,'Brand',NULL,NULL,NULL,'no'),(70,4,'Vendor',NULL,NULL,NULL,'no'),(73,3,'Material',NULL,NULL,NULL,'no'),(74,1,'Light_Output_Colour',NULL,'txt',NULL,'yes'),(75,1,'Shape',NULL,NULL,NULL,'yes'),(76,1,'Watt',NULL,'txt',NULL,'no'),(77,1,'Socket',NULL,NULL,NULL,'yes'),(78,1,'Material',NULL,NULL,NULL,'no'),(79,1,'Height',NULL,'txt',NULL,'no'),(81,3,'Wire_type',NULL,NULL,NULL,'no'),(82,2,'Diameter',NULL,NULL,NULL,'no'),(83,4,'Short_Description',NULL,NULL,NULL,'no'),(87,3,'In_built_switch',NULL,NULL,NULL,'no'),(88,3,'Pintop',NULL,NULL,NULL,'no'),(92,3,'Brand',NULL,'txt',NULL,'no'),(93,3,'SI_unit',NULL,NULL,NULL,'no'),(94,2,'Material',NULL,NULL,NULL,'yes'),(95,2,'Socket',NULL,NULL,NULL,'yes'),(96,2,'Brand',NULL,'txt',NULL,'no'),(97,2,'SI_unit',NULL,NULL,NULL,'no'),(98,1,'Breadth',NULL,NULL,NULL,'no'),(143,1,'Colour_Temparature',NULL,NULL,NULL,'no'),(144,1,'Dimmable',NULL,NULL,NULL,'yes'),(145,1,'Brand',NULL,'txt',NULL,'yes'),(146,1,'SI_unit',NULL,NULL,NULL,'no'),(147,2,'Long_Description',NULL,NULL,NULL,'no'),(148,2,'Vendor',NULL,NULL,NULL,'no'),(149,4,'SI_unit',NULL,NULL,NULL,'no'),(153,4,'Cut',NULL,NULL,NULL,'no'),(154,4,'Height',NULL,NULL,NULL,'no'),(156,4,'Weight',NULL,NULL,NULL,'no'),(157,4,'Length',NULL,NULL,NULL,'no'),(158,4,'Breadth',NULL,NULL,NULL,'no'),(160,4,'No_of_ply',NULL,NULL,NULL,'no'),(161,4,'Long_Description',NULL,NULL,NULL,'no'),(162,4,'Discount',NULL,NULL,NULL,'no'),(163,4,'Price',NULL,'txt',NULL,'no'),(164,6,'Colour',NULL,NULL,NULL,'no'),(165,6,'Shape',NULL,NULL,NULL,'no'),(166,6,'Vendor',NULL,NULL,NULL,'no'),(167,6,'Brand',NULL,NULL,NULL,'no'),(168,6,'Short_Description',NULL,NULL,NULL,'no'),(169,6,'SI_unit',NULL,NULL,NULL,'no'),(171,6,'Cut',NULL,NULL,NULL,'no'),(172,6,'Height',NULL,NULL,NULL,'no'),(173,6,'Weight',NULL,NULL,NULL,'no'),(174,6,'Upper_Dia',NULL,NULL,NULL,'no'),(175,6,'Bottom_Dia',NULL,NULL,NULL,'no'),(176,6,'Style',NULL,NULL,NULL,'no'),(177,6,'No_of_ply',NULL,NULL,NULL,'no'),(178,6,'Long_Description',NULL,NULL,NULL,'no'),(179,6,'Discount',NULL,NULL,NULL,'no'),(180,6,'Price',NULL,'txt',NULL,'no'),(181,6,'Finish_type',NULL,NULL,NULL,'no'),(182,7,'Colour',NULL,NULL,NULL,'no'),(183,7,'Shape',NULL,NULL,NULL,'no'),(184,7,'Brand',NULL,NULL,NULL,'no'),(185,7,'Vendor',NULL,NULL,NULL,'no'),(186,7,'Short_Description',NULL,NULL,NULL,'no'),(187,7,'SI_unit',NULL,NULL,NULL,'no'),(188,7,'Finish_type',NULL,NULL,NULL,'no'),(189,7,'Cut',NULL,NULL,NULL,'no'),(190,7,'Height',NULL,NULL,NULL,'no'),(191,7,'Weight',NULL,NULL,NULL,'no'),(192,7,'Upper_Dia',NULL,NULL,NULL,'no'),(193,7,'Bottom_Dia',NULL,NULL,NULL,'no'),(194,7,'Style',NULL,NULL,NULL,'no'),(195,7,'No_of_ply',NULL,NULL,NULL,'no'),(196,7,'Long_Description',NULL,NULL,NULL,'no'),(197,7,'Discount',NULL,NULL,NULL,'no'),(198,7,'Price',NULL,'txt',NULL,'no'),(199,8,'Colour',NULL,NULL,NULL,'no'),(200,8,'Shape',NULL,NULL,NULL,'no'),(201,8,'Brand',NULL,NULL,NULL,'no'),(202,8,'Vendor',NULL,NULL,NULL,'no'),(203,8,'Short_Description',NULL,NULL,NULL,'no'),(204,8,'SI_unit',NULL,NULL,NULL,'no'),(205,8,'Finish_type',NULL,NULL,NULL,'no'),(206,8,'Cut',NULL,NULL,NULL,'no'),(207,8,'Height',NULL,NULL,NULL,'no'),(208,8,'Weight',NULL,NULL,NULL,'no'),(209,8,'Upper_Dia',NULL,NULL,NULL,'no'),(210,8,'Bottom_Dia',NULL,NULL,NULL,'no'),(211,8,'Style',NULL,NULL,NULL,'no'),(212,8,'No_of_ply',NULL,NULL,NULL,'no'),(213,8,'Long_Description',NULL,NULL,NULL,'no'),(214,8,'Discount',NULL,NULL,NULL,'no'),(215,8,'Price',NULL,'txt',NULL,'no'),(249,9,'Colour',NULL,NULL,NULL,'no'),(250,9,'Shape',NULL,NULL,NULL,'no'),(251,9,'Brand',NULL,NULL,NULL,'no'),(252,9,'Vendor',NULL,NULL,NULL,'no'),(253,9,'Short_Description',NULL,NULL,NULL,'no'),(254,9,'SI_unit',NULL,NULL,NULL,'no'),(255,9,'Finish_type',NULL,NULL,NULL,'no'),(256,9,'Cut',NULL,NULL,NULL,''),(257,9,'Height',NULL,NULL,NULL,'no'),(258,9,'Weight',NULL,NULL,NULL,'no'),(259,9,'Upper_Dia',NULL,NULL,NULL,'no'),(260,9,'Bottom_Dia',NULL,NULL,NULL,'no'),(261,9,'Style',NULL,NULL,NULL,'no'),(262,9,'No_of_ply',NULL,NULL,NULL,'no'),(263,9,'Long_Description',NULL,NULL,NULL,'no'),(264,9,'Discount',NULL,NULL,NULL,'no'),(265,9,'Price',NULL,'txt',NULL,'no'),(266,5,'Design',NULL,NULL,NULL,'no'),(267,5,'Short_Description',NULL,NULL,NULL,'no'),(268,5,'Material',NULL,NULL,NULL,'no'),(269,5,'Finish_type',NULL,NULL,NULL,'no'),(270,5,'Thread',NULL,NULL,NULL,'no'),(271,5,'Breadth',NULL,NULL,NULL,'no'),(272,5,'Upper_Dia',NULL,NULL,NULL,'no'),(273,5,'Bottom_Dia',NULL,NULL,NULL,'no'),(274,5,'Centre_Hole_dia',NULL,NULL,NULL,'no'),(275,5,'Shape',NULL,NULL,NULL,'no'),(276,5,'Inner_Outer_thread',NULL,NULL,NULL,'no'),(277,5,'Upper_thread',NULL,NULL,NULL,'no'),(278,5,'Lower_thread',NULL,NULL,NULL,'no'),(279,5,'Thread_length',NULL,NULL,NULL,'no'),(280,5,'Vendor',NULL,NULL,NULL,'no'),(281,5,'Price',NULL,'txt',NULL,'no'),(282,5,'Discount',NULL,NULL,NULL,'no'),(283,5,'Long_Description',NULL,NULL,NULL,'no'),(284,10,'Short_Description',NULL,NULL,NULL,'no'),(285,10,'Colour',NULL,NULL,NULL,'no'),(286,10,'Ink_type',NULL,NULL,NULL,'no'),(287,10,'Size',NULL,NULL,NULL,'no'),(288,10,'Price',NULL,'txt',NULL,'no'),(289,10,'Vendor',NULL,NULL,NULL,'no'),(290,10,'Brand',NULL,NULL,NULL,'no'),(291,11,'Short_Description',NULL,NULL,NULL,'no'),(292,11,'Style',NULL,NULL,NULL,'no'),(293,11,'Top_hole_dia',NULL,NULL,NULL,'no'),(294,11,'Bottom_Dia',NULL,NULL,NULL,'no'),(295,11,'Height',NULL,NULL,NULL,'no'),(296,11,'fabric',NULL,NULL,NULL,'no'),(297,11,'fabric_colour',NULL,NULL,NULL,'no'),(298,11,'piping',NULL,NULL,NULL,'no'),(299,11,'piping_color',NULL,NULL,NULL,'no'),(300,11,'gallery_heght',NULL,NULL,NULL,'no'),(301,11,'acrylic_diffuser',NULL,NULL,NULL,'no'),(302,11,'sheet',NULL,NULL,NULL,'no'),(303,11,'sheet_color',NULL,NULL,NULL,'no'),(304,11,'powder_coating',NULL,NULL,NULL,'no'),(305,11,'Vendor',NULL,NULL,NULL,'no'),(306,11,'Long_Description',NULL,NULL,NULL,'no'),(307,12,'Short_Description',NULL,NULL,NULL,'no'),(308,12,'Colour',NULL,NULL,NULL,'no'),(309,12,'Size',NULL,NULL,NULL,'no'),(310,12,'Shape',NULL,NULL,NULL,'no'),(311,12,'Centre_Hole_dia',NULL,NULL,NULL,'no'),(312,12,'Transparent',NULL,NULL,NULL,'no'),(313,12,'Vendor',NULL,NULL,NULL,'no'),(314,12,'Long_Description',NULL,NULL,NULL,'no'),(331,13,'Short_Description',NULL,NULL,NULL,'no'),(332,13,'Colour',NULL,NULL,NULL,'no'),(333,13,'Material',NULL,NULL,NULL,'no'),(334,13,'Finish_type',NULL,NULL,NULL,'no'),(335,13,'Shape',NULL,NULL,NULL,'no'),(336,13,'Cut',NULL,NULL,NULL,'no'),(337,13,'Height',NULL,NULL,NULL,'no'),(338,13,'Weight',NULL,NULL,NULL,'no'),(339,13,'Upper_Dia',NULL,NULL,NULL,'no'),(340,13,'Bottom_Dia',NULL,NULL,NULL,'no'),(341,13,'Style',NULL,NULL,NULL,'no'),(342,13,'No_of_ply',NULL,NULL,NULL,'no'),(343,13,'Vendor',NULL,NULL,NULL,'no'),(344,13,'Long_Description',NULL,NULL,NULL,'no'),(345,13,'Price',NULL,'txt',NULL,'no'),(346,13,'Discount',NULL,NULL,NULL,'no'),(347,14,'Short_Description',NULL,NULL,NULL,'no'),(348,14,'Length',NULL,NULL,NULL,'no'),(349,14,'Breadth',NULL,NULL,NULL,'no'),(350,14,'Height',NULL,NULL,NULL,'no'),(351,14,'No_of_ply',NULL,NULL,NULL,'no'),(352,14,'Vendor',NULL,NULL,NULL,'no'),(353,14,'Long_Description',NULL,NULL,NULL,'no'),(354,15,'Short_Description',NULL,NULL,NULL,'no'),(355,15,'Length',NULL,NULL,NULL,'no'),(356,15,'Breadth',NULL,NULL,NULL,'no'),(357,15,'Height',NULL,NULL,NULL,'no'),(358,15,'No_of_ply',NULL,NULL,NULL,'no'),(359,15,'Vendor',NULL,NULL,NULL,'no'),(360,15,'Long_Description',NULL,NULL,NULL,'no'),(361,16,'Short_Description',NULL,NULL,NULL,'no'),(362,16,'Length',NULL,NULL,NULL,'no'),(363,16,'Breadth',NULL,NULL,NULL,'no'),(364,16,'Height',NULL,NULL,NULL,'no'),(365,16,'No_of_ply',NULL,NULL,NULL,'no'),(366,16,'Vendor',NULL,NULL,NULL,'no'),(367,16,'Long_Description',NULL,NULL,NULL,'no'),(368,17,'Short_Description',NULL,NULL,NULL,'no'),(369,17,'Length',NULL,NULL,NULL,'no'),(370,17,'Breadth',NULL,NULL,NULL,'no'),(371,17,'Height',NULL,NULL,NULL,'no'),(372,17,'No_of_ply',NULL,NULL,NULL,'no'),(373,17,'Vendor',NULL,NULL,NULL,'no'),(374,17,'Long_Description',NULL,NULL,NULL,'no'),(375,18,'Short_Description',NULL,NULL,NULL,'no'),(376,18,'Length',NULL,NULL,NULL,'no'),(377,18,'Breadth',NULL,NULL,NULL,'no'),(378,18,'Height',NULL,NULL,NULL,'no'),(379,18,'No_of_ply',NULL,NULL,NULL,'no'),(380,18,'Vendor',NULL,NULL,NULL,'no'),(381,18,'Long_Description',NULL,NULL,NULL,'no'),(382,1,'Long_Description',NULL,NULL,NULL,'no'),(383,1,'Vendor',NULL,NULL,NULL,'no'),(384,1,'Price',NULL,NULL,NULL,'no'),(385,1,'Discount',NULL,NULL,NULL,'no'),(386,1,'Location',NULL,NULL,NULL,'no'),(387,2,'Price',NULL,NULL,NULL,'no'),(388,2,'Discount',NULL,NULL,NULL,'no'),(389,2,'Location',NULL,NULL,NULL,'no'),(390,3,'Long_Description',NULL,NULL,NULL,'no'),(391,3,'Vendor',NULL,NULL,NULL,'no'),(392,3,'Price',NULL,NULL,NULL,'no'),(393,3,'Discount',NULL,NULL,NULL,'no'),(394,3,'Location',NULL,NULL,NULL,'no'),(395,4,'Collar',NULL,NULL,NULL,'yes'),(396,4,'Location',NULL,NULL,NULL,'no'),(399,4,'Shape',NULL,NULL,NULL,'yes');
/*!40000 ALTER TABLE `requireattributeforcatname` ENABLE KEYS */;
UNLOCK TABLES;

--
-- Table structure for table `requisition_table`
--

DROP TABLE IF EXISTS `requisition_table`;
/*!40101 SET @saved_cs_client     = @@character_set_client */;
/*!50503 SET character_set_client = utf8mb4 */;
CREATE TABLE `requisition_table` (
  `S_no` int NOT NULL AUTO_INCREMENT,
  `created_by` varchar(50) DEFAULT NULL,
  `created_date` date DEFAULT NULL,
  `department_name` varchar(50) DEFAULT NULL,
  `department_id` int DEFAULT NULL,
  `requisition_type` varchar(50) DEFAULT NULL,
  `requisition_id` int DEFAULT NULL,
  `project_id` int DEFAULT NULL,
  `item_name` varchar(100) DEFAULT NULL,
  `item_code` int DEFAULT NULL,
  `quantity` int DEFAULT NULL,
  `user_remarks` varchar(200) DEFAULT NULL,
  `price` bigint DEFAULT NULL,
  `date_hand_hover` date DEFAULT NULL,
  `handover_over_by` varchar(50) DEFAULT NULL,
  `status` varchar(50) DEFAULT NULL,
  `final_remarks` varchar(200) DEFAULT NULL,
  `record_id` int DEFAULT NULL,
  `updatedBy` varchar(45) DEFAULT NULL,
  `updated_date` date DEFAULT NULL,
  PRIMARY KEY (`S_no`)
) ENGINE=InnoDB AUTO_INCREMENT=142 DEFAULT CHARSET=utf8mb4 COLLATE=utf8mb4_0900_ai_ci;
/*!40101 SET character_set_client = @saved_cs_client */;

--
-- Dumping data for table `requisition_table`
--

LOCK TABLES `requisition_table` WRITE;
/*!40000 ALTER TABLE `requisition_table` DISABLE KEYS */;
INSERT INTO `requisition_table` VALUES (1,'system','2024-08-02','HR',1,'IR',1,1,'box',1,10,'cancledsdwdw',10000,'2024-08-09','','CANCEL','UPDATE',1,'system','2024-08-06'),(2,'system','2024-08-02','HR',1,'internal store',2,2,'bulb',2,20,'urgenttttttttttttttttttttttt',200,'2024-08-02','store keeper','CANCEL','',1,'system','2024-08-06'),(3,'sytem','2024-08-02','HR',1,'IR',3,2,'bulb',2,10,'need',999,'2024-08-02','store','CANCEL','need',1,'system','2024-08-06'),(4,'System','2024-08-02','SCH',1,'',198,NULL,'BULB',1,1,'data are canceled',99999,'2024-08-21','','PENDING','data',NULL,'system','2024-08-06'),(5,'System','2024-08-02','SCH',1,'IR',199,NULL,'BULB',1,1,'',233,'2024-08-09','store','CLOSE','',NULL,'system','2024-08-06'),(6,'System','2024-08-02','SCH',1,'IR',200,NULL,'BULB',1,1,'',1,'2024-09-09','kkjk','CLOSE','kjkjk',NULL,'system','2024-08-06'),(7,'System','2024-08-02','SCH',1,NULL,201,NULL,'BULB',1,1,'',NULL,NULL,NULL,NULL,NULL,NULL,'system','2024-08-06'),(8,'System','2024-08-02','SCH',1,NULL,202,NULL,'BULB',1,1,'',NULL,NULL,NULL,NULL,NULL,NULL,'system','2024-08-06'),(9,'System','2024-08-02','SCH',1,NULL,203,NULL,'BULB',1,1,'',NULL,NULL,NULL,NULL,NULL,NULL,'system','2024-08-06'),(10,'adminRequisition','2024-08-03','HR',1,NULL,206,NULL,'cable',1,10,'need to be night',NULL,NULL,NULL,NULL,NULL,NULL,'adminRequisition','2024-08-06'),(11,'adminRequisition','2024-08-03','hr',1,NULL,207,NULL,'fibre cable',1,21,'need',NULL,NULL,NULL,'',NULL,NULL,'adminRequisition','2024-08-06'),(12,'adminRequisition','2024-08-03','hr',1,NULL,207,NULL,'fibre cable',1,21,'need',NULL,NULL,NULL,'',NULL,NULL,'adminRequisition','2024-08-06'),(13,'adminRequisition','2024-08-03','SCH',1,NULL,207,NULL,'cup',1,22,'need',NULL,NULL,NULL,'',NULL,NULL,'adminRequisition','2024-08-06'),(14,'adminRequisition','2024-08-03','IT',1,NULL,207,4,'copper cable',1,100,'need cooper cable',NULL,NULL,NULL,NULL,NULL,NULL,'adminRequisition','2024-08-06'),(15,'adminRequisition','2024-08-03','IT',1,NULL,207,4,'copper cable',1,100,'need cooper cable',NULL,NULL,NULL,NULL,NULL,NULL,'adminRequisition','2024-08-06'),(16,'adminRequisition','2024-08-03','HR',1,NULL,207,6,'kgnl',1,21,'dfmdl',NULL,NULL,NULL,NULL,NULL,NULL,'adminRequisition','2024-08-06'),(17,'adminRequisition','2024-08-03','HR',1,NULL,212,6,'kgnl',1,21,'dfmdl',NULL,NULL,NULL,NULL,NULL,NULL,'adminRequisition','2024-08-06'),(18,'adminRequisition','2024-08-03','HR',1,NULL,213,6,'kgnl',1,21,'dfmdl',NULL,NULL,NULL,NULL,NULL,NULL,'adminRequisition','2024-08-06'),(19,'adminRequisition','2024-08-03','HR',1,NULL,213,6,'kgnl',1,21,'dfmdl',NULL,NULL,NULL,NULL,NULL,NULL,'adminRequisition','2024-08-06'),(20,'adminRequisition','2024-08-03','HR',1,NULL,213,6,'kgnl',1,21,'dfmdl',NULL,NULL,NULL,NULL,NULL,NULL,'adminRequisition','2024-08-06'),(21,'adminRequisition','2024-08-03','HR',1,NULL,213,6,'kgnl',1,21,'dfmdl',NULL,NULL,NULL,NULL,NULL,NULL,'adminRequisition','2024-08-06'),(22,'adminRequisition','2024-08-03','HR',1,NULL,213,6,'kgnl',1,21,'dfmdl',NULL,NULL,NULL,NULL,NULL,NULL,'adminRequisition','2024-08-06'),(23,'adminRequisition','2024-08-03','HR',1,NULL,218,6,'kgnl',1,21,'dfmdl',NULL,NULL,NULL,NULL,NULL,NULL,'adminRequisition','2024-08-06'),(24,'adminRequisition','2024-08-03','HR',1,NULL,1,6,'kgnl',1,21,'dfmdl',NULL,NULL,NULL,NULL,NULL,NULL,'adminRequisition','2024-08-06'),(25,'adminRequisition','2024-08-03','HR',1,NULL,NULL,6,'kgnl',1,21,'dfmdl',NULL,NULL,NULL,'PENDING',NULL,1,'adminRequisition','2024-08-06'),(26,'adminRequisition','2024-08-03','HR',1,NULL,NULL,6,'kgnl',1,21,'dfmdl',NULL,NULL,NULL,NULL,NULL,213,'adminRequisition','2024-08-06'),(27,'adminRequisition','2024-08-03','HR',1,NULL,NULL,6,'kgnl',1,21,'dfmdl',NULL,NULL,NULL,NULL,NULL,213,'adminRequisition','2024-08-06'),(28,'adminRequisition','2024-08-03','IT',1,NULL,NULL,88,'Ba',1,100,'need urget',NULL,NULL,NULL,NULL,NULL,213,'adminRequisition','2024-08-06'),(29,'adminRequisition','2024-08-03','department',1,NULL,NULL,99,'copy',1,10,'cop',NULL,NULL,NULL,'CANCEL',NULL,213,'adminRequisition','2024-08-06'),(30,'adminRequisition','2024-08-05','HR',1,NULL,NULL,9,'cup',1,10,'de',NULL,NULL,NULL,NULL,NULL,234,'adminRequisition','2024-08-06'),(31,'adminRequisition','2024-08-05','NEW DT',1,NULL,NULL,9,'NUSD`',1,1278,'kdk',NULL,NULL,NULL,NULL,NULL,235,'adminRequisition','2024-08-06'),(32,'adminRequisition','2024-08-06','',1,NULL,NULL,12,'cable',1,29,'need get',NULL,NULL,NULL,NULL,NULL,236,'adminRequisition','2024-08-06'),(33,'admin','2024-08-06','',1,NULL,NULL,2,'bud',1,78,'need',NULL,NULL,NULL,NULL,NULL,237,'admin','2024-08-06'),(34,'admin','2024-08-06','',1,NULL,NULL,32,'fmke',1,38,'need',NULL,NULL,NULL,NULL,NULL,238,'admin','2024-08-06'),(35,'admin','2024-08-06','',1,NULL,NULL,43,'kdfoef',1,43,'ifjeiofjo',NULL,NULL,NULL,NULL,NULL,243,'admin','2024-08-06'),(36,'admin','2024-08-06','',1,NULL,NULL,8439,'jido',1,9789,'89879',NULL,NULL,NULL,NULL,NULL,244,'admin','2024-08-06'),(37,'admin','2024-08-06','',1,NULL,NULL,6767,'klhkj',789,6767,'need till night',NULL,NULL,NULL,NULL,NULL,1,'admin','2024-08-06'),(38,'admin','2024-08-06','',1,NULL,NULL,6767,'klhkj',789,6767,'need till night',NULL,NULL,NULL,NULL,NULL,1,'admin','2024-08-06'),(39,'admin','2024-08-06','',1,NULL,NULL,6767,'klhkj',789,6767,'need till night',NULL,NULL,NULL,NULL,NULL,1,'admin','2024-08-06'),(40,'admin','2024-08-06','',1,NULL,NULL,6767,'klhkj',789,6767,'need till night',NULL,NULL,NULL,NULL,NULL,1,'admin','2024-08-06'),(41,'admin','2024-08-06','',1,NULL,NULL,6767,'klhkj',789,6767,'need till night',NULL,NULL,NULL,NULL,NULL,1,'admin','2024-08-06'),(42,'admin','2024-08-06','',1,NULL,NULL,6767,'new item 14',789,6767,'need till night',NULL,NULL,NULL,NULL,NULL,1,'admin','2024-08-06'),(43,'admin','2024-08-06','',1,NULL,NULL,767,'new name',10,78,'need till night',NULL,NULL,NULL,NULL,NULL,1,'admin','2024-08-06'),(44,'admin','2024-08-06','',1,NULL,NULL,767,'new name',10,78,'need till night',NULL,NULL,NULL,NULL,NULL,1,'admin','2024-08-06'),(45,'admin','2024-08-06','',1,NULL,NULL,432,'dmwk',10,32,'rf4ff',NULL,NULL,NULL,NULL,NULL,1,'admin','2024-08-06'),(46,'admin','2024-08-06','',1,NULL,NULL,432,'dmwk',10,32,'rf4ff',NULL,NULL,NULL,NULL,NULL,1,'admin','2024-08-06'),(47,'admin','2024-08-06','',1,NULL,NULL,432,'dmwk',10,32,'rf4ff',NULL,NULL,NULL,NULL,NULL,1,'admin','2024-08-06'),(48,'admin','2024-08-06','',1,NULL,NULL,432,'dmwk',10,32,'rf4ff',NULL,NULL,NULL,NULL,NULL,1,'admin','2024-08-06'),(49,'admin','2024-08-06','',1,NULL,NULL,2,'u89j',10,8,'u9',NULL,NULL,NULL,NULL,NULL,1,'admin','2024-08-06'),(50,'admin','2024-08-06','',1,NULL,NULL,2,'',10,1,'',NULL,NULL,NULL,NULL,NULL,1,'admin','2024-08-06'),(51,'admin','2024-08-06','',1,NULL,NULL,2,'',10,1,'',NULL,NULL,NULL,NULL,NULL,1,'admin','2024-08-06'),(52,'admin','2024-08-06','',1,NULL,NULL,2,'hfdioef',10,1,'fefemfor',NULL,NULL,NULL,NULL,NULL,1,'admin','2024-08-06'),(53,'admin','2024-08-06','',1,NULL,NULL,2,'jijij',10,7,'ikjo',NULL,NULL,NULL,NULL,NULL,1,'admin','2024-08-06'),(54,'admin','2024-08-06','',1,NULL,NULL,2,'jijij',10,7,'ikjo',NULL,NULL,NULL,NULL,NULL,1,'admin','2024-08-06'),(55,'admin','2024-08-06','',1,NULL,NULL,67,'jkjk',10,67,'i',NULL,NULL,NULL,NULL,NULL,1,'admin','2024-08-06'),(56,'admin','2024-08-06','',1,NULL,NULL,67,'jkjk',10,67,'i',NULL,NULL,NULL,NULL,NULL,1,'admin','2024-08-06'),(57,'admin','2024-08-06','',1,NULL,NULL,343,'hiuh',10,878,'nk',NULL,NULL,NULL,NULL,NULL,1,'admin','2024-08-06'),(58,'admin','2024-08-06','',1,NULL,NULL,343,'hiuh',10,878,'nk',NULL,NULL,NULL,NULL,NULL,1,'admin','2024-08-06'),(59,'admin','2024-08-06','',1,NULL,NULL,898,'huhu',10,6,'de',NULL,NULL,NULL,NULL,NULL,1,'admin','2024-08-06'),(60,'admin','2024-08-06','',1,NULL,NULL,898,'huhu',10,6,'de',NULL,NULL,NULL,NULL,NULL,1,'admin','2024-08-06'),(61,'admin','2024-08-06','',1,NULL,NULL,898,'huhu',10,6,'',NULL,NULL,NULL,NULL,NULL,1,'admin','2024-08-06'),(62,'admin','2024-08-06','',1,NULL,NULL,878,'kjkj',10,7,'cd',NULL,NULL,NULL,NULL,NULL,1,'admin','2024-08-06'),(63,'admin','2024-08-06','',1,NULL,NULL,878,'kjkj',10,7,'',NULL,NULL,NULL,NULL,NULL,1,'admin','2024-08-06'),(64,'admin','2024-08-06','',1,NULL,NULL,878,'kjkj',10,7,'',NULL,NULL,NULL,NULL,NULL,1,'admin','2024-08-06'),(65,'admin','2024-08-06','',1,NULL,NULL,878,'kjkj',10,7,'',NULL,NULL,NULL,NULL,NULL,1,'admin','2024-08-06'),(66,'admin','2024-08-06','',1,NULL,NULL,878,'kjkj',10,6,'',NULL,NULL,NULL,NULL,NULL,1,'admin','2024-08-06'),(67,'admin','2024-08-06','',1,NULL,NULL,67,'kk',10,7,'hihi',NULL,NULL,NULL,NULL,NULL,7,'admin','2024-08-06'),(68,'admin','2024-08-06','',1,NULL,NULL,67,'kk',10,7,'hihi',NULL,NULL,NULL,NULL,NULL,265,'admin','2024-08-06'),(69,'admin','2024-08-06','',1,NULL,NULL,67,'kk',10,7,'hihi',NULL,NULL,NULL,NULL,NULL,265,'admin','2024-08-06'),(70,'admin','2024-08-06','',1,NULL,NULL,67,'kk',10,7,'hihi',NULL,NULL,NULL,NULL,NULL,265,'admin','2024-08-06'),(71,'admin','2024-08-06','',1,NULL,NULL,67,'knk',10,67,'nk',NULL,NULL,NULL,NULL,NULL,265,'admin','2024-08-06'),(72,'admin','2024-08-06','',1,NULL,NULL,67,'mk',10,78,'ji',NULL,NULL,NULL,NULL,NULL,265,'admin','2024-08-06'),(73,'admin','2024-08-06','',1,NULL,NULL,67,'mk',10,78,'ji',NULL,NULL,NULL,NULL,NULL,265,'admin','2024-08-06'),(74,'admin','2024-08-06','',1,NULL,NULL,67,'mk',10,78,'ji',NULL,NULL,NULL,NULL,NULL,265,'admin','2024-08-06'),(75,'admin','2024-08-06','',1,NULL,NULL,48,'dkop',10,67,'mjijio',NULL,NULL,NULL,NULL,NULL,265,'admin','2024-08-06'),(76,'admin','2024-08-06','',1,NULL,NULL,48,'dkop',10,67,'mjijio',NULL,NULL,NULL,NULL,NULL,265,'admin','2024-08-06'),(77,'admin','2024-08-06','',1,NULL,NULL,54,'jio',10,6,'ji',NULL,NULL,NULL,NULL,NULL,265,'admin','2024-08-06'),(78,'admin','2024-08-06','',1,NULL,NULL,54,'jio',10,6,'ji',NULL,NULL,NULL,NULL,NULL,265,'admin','2024-08-06'),(79,'admin','2024-08-06','',1,NULL,NULL,43,'mn',10,67,'jo',NULL,NULL,NULL,NULL,NULL,265,'admin','2024-08-06'),(80,'admin','2024-08-06','',1,NULL,NULL,43,'mn',10,67,'jo',NULL,NULL,NULL,NULL,NULL,265,'admin','2024-08-06'),(81,'admin','2024-08-06','',1,NULL,NULL,867,'mknjb',10,2,'jio',NULL,NULL,NULL,NULL,NULL,265,'admin','2024-08-06'),(82,'admin','2024-08-06','',1,NULL,NULL,12,'fe',10,7,'ojo',NULL,NULL,NULL,NULL,NULL,265,'admin','2024-08-06'),(83,'admin','2024-08-06','',1,NULL,NULL,12,'fe',10,7,'ojo',NULL,NULL,NULL,NULL,NULL,265,'admin','2024-08-06'),(84,'admin','2024-08-07','',1,NULL,NULL,32,'jijdei',10,43,'need till night',NULL,NULL,NULL,NULL,NULL,265,'admin','2024-08-06'),(85,'admin','2024-08-07','',1,NULL,NULL,32,'jijdei',10,43,'need till night',NULL,NULL,NULL,NULL,NULL,265,'admin','2024-08-06'),(86,'adminRequisition','2024-08-07','',1,NULL,NULL,78,'mkm',10,78,',lp',NULL,NULL,NULL,NULL,NULL,268,'adminRequisition','2024-08-06'),(87,'adminRequisition','2024-08-07','',1,NULL,NULL,78,'mkm',10,78,'dede',NULL,NULL,NULL,NULL,NULL,268,'adminRequisition','2024-08-06'),(88,'adminRequisition','2024-08-07','',1,NULL,NULL,32,'CUp',10,342,'fmeopf',NULL,NULL,NULL,NULL,NULL,269,'adminRequisition','2024-08-06'),(89,NULL,NULL,NULL,NULL,NULL,NULL,NULL,NULL,NULL,NULL,NULL,NULL,NULL,NULL,NULL,NULL,NULL,NULL,'2024-08-06'),(90,'adminRequisition','2024-08-07','',1,NULL,NULL,34348,'hdfej',10,65,'hdw',NULL,NULL,NULL,NULL,NULL,269,NULL,NULL),(91,'adminRequisition','2024-08-07','',1,NULL,NULL,4343,'BB',10,67,'e3e',NULL,NULL,NULL,NULL,NULL,269,NULL,NULL),(92,'adminRequisition','2024-08-07','',1,NULL,NULL,90,'Lp',10,3,'de',NULL,NULL,NULL,NULL,NULL,269,NULL,NULL),(93,'adminRequisition','2024-08-07','',1,NULL,NULL,67,'jk',10,67,'j',NULL,NULL,NULL,NULL,NULL,269,NULL,NULL),(94,'adminRequisition','2024-08-07','',1,NULL,NULL,67,'jk',10,67,'j',NULL,NULL,NULL,NULL,NULL,269,NULL,NULL),(95,'adminRequisition','2024-08-07','',1,NULL,NULL,3728,'kok',10,79,'kdoe',NULL,NULL,NULL,NULL,NULL,269,NULL,NULL),(96,'adminRequisition','2024-08-07','',1,NULL,NULL,243,'dwj',10,2,'dwkdj',NULL,NULL,NULL,NULL,NULL,269,NULL,NULL),(97,'adminRequisition','2024-08-07','',1,NULL,NULL,6,'jijo',1,3,'need to be after noon',NULL,NULL,NULL,NULL,NULL,270,NULL,NULL),(98,'adminRequisition','2024-08-07','',1,NULL,NULL,6,'jijo',1,3,'need to be after noon',NULL,NULL,NULL,NULL,NULL,270,NULL,NULL),(99,'adminRequisition','2024-08-07','',1,NULL,NULL,767,'vuop',10,67,'need roight',NULL,NULL,NULL,NULL,NULL,271,NULL,NULL),(100,'adminRequisition','2024-08-07','',1,NULL,NULL,67,'lao',1,67,'udh',NULL,NULL,NULL,NULL,NULL,271,NULL,NULL),(101,'adminRequisition','2024-08-07','',1,NULL,NULL,67,'lao',1,67,'udh',NULL,NULL,NULL,NULL,NULL,271,NULL,NULL),(102,'rg1','2024-08-07','',1,NULL,NULL,34,'bvvb',1,3,'fgf',NULL,NULL,NULL,NULL,NULL,272,NULL,NULL),(103,'rg1','2024-08-07','',1,NULL,NULL,34,'bvvb',1,3,'fgf',NULL,NULL,NULL,NULL,NULL,272,NULL,NULL),(104,'adminRequisition','2024-08-07','',1,NULL,NULL,78,'kol',10,67,'oo',NULL,NULL,NULL,NULL,NULL,273,NULL,NULL),(105,'rg1','2024-08-07','',1,NULL,NULL,12,'jio',10,56,'jio',NULL,NULL,NULL,NULL,NULL,274,NULL,NULL),(106,'rg1','2024-08-07','',1,NULL,NULL,12,'jio',10,56,'jio',NULL,NULL,NULL,NULL,NULL,274,NULL,NULL),(107,'rg1','2024-08-07','',1,NULL,NULL,12,'jio',1,5,'sdsds',NULL,NULL,NULL,NULL,NULL,274,NULL,NULL),(108,'rg1','2024-08-07','',1,NULL,NULL,12,'jio',1,5,'sdsds',NULL,NULL,NULL,NULL,NULL,274,NULL,NULL),(109,'adminRequisition','2024-08-07','',1,NULL,NULL,43,'hio',1,67,'huu',NULL,NULL,NULL,NULL,NULL,273,NULL,NULL),(110,'adminRequisition','2024-08-07','',1,NULL,NULL,43,'hio',1,67,'huu',NULL,NULL,NULL,NULL,NULL,273,NULL,NULL),(111,'adminRequisition','2024-08-07','HR',1,NULL,NULL,67,'laptopn',1,21,'jhio',NULL,NULL,NULL,NULL,NULL,277,NULL,NULL),(112,'adminRequisition','2024-08-07','HR',1,NULL,NULL,67,'laptopn',1,21,'jhio',NULL,NULL,NULL,NULL,NULL,277,NULL,NULL),(113,'rg1','2024-08-07','',1,NULL,NULL,1,'ughg',10,2,'ughg',NULL,NULL,NULL,NULL,NULL,276,NULL,NULL),(114,'rg1','2024-08-07','HR',1,NULL,NULL,1,'ughg',1,2,'kjkj',NULL,NULL,NULL,NULL,NULL,276,NULL,NULL),(115,'rg1','2024-08-07','HR',1,NULL,NULL,1,'ughg',1,2,'kjkj',NULL,NULL,NULL,NULL,NULL,276,NULL,NULL),(116,'adminRequisition','2024-08-07','HR',1,NULL,NULL,32,'OPPO',1,67,'hioi',NULL,NULL,NULL,NULL,NULL,278,NULL,NULL),(117,'adminRequisition','2024-08-07','HR',1,NULL,NULL,32,'OPPO',1,67,'hioi',NULL,NULL,NULL,NULL,NULL,278,NULL,NULL),(118,'adminRequisition','2024-08-07','HR',1,NULL,NULL,56,'nk',1,67,'ji',NULL,NULL,NULL,NULL,NULL,280,NULL,NULL),(119,'adminRequisition','2024-08-07','HR',1,NULL,NULL,56,'nk',1,67,'ji',NULL,NULL,NULL,NULL,NULL,280,NULL,NULL),(120,'rg1','2024-08-07','HR',1,NULL,NULL,12,'mnkjk',1,1,'kjkjk',NULL,NULL,NULL,NULL,NULL,281,NULL,NULL),(121,'rg1','2024-08-07','HR',1,NULL,NULL,12,'mnkjk',1,1,'hjvghffdfcancel',NULL,NULL,NULL,'CANCEL',NULL,281,NULL,NULL),(122,'rg1','2024-08-07','HR',1,NULL,NULL,677,'jlk',1,76,'hi',NULL,NULL,NULL,NULL,NULL,283,NULL,NULL),(123,'rg1','2024-08-07','HR',1,NULL,NULL,677,'jlk',1,76,'hi',NULL,NULL,NULL,NULL,NULL,283,NULL,NULL),(124,'rg1','2024-08-07','HR',1,NULL,NULL,56,'hu',1,67,'jio',NULL,NULL,NULL,NULL,NULL,284,NULL,NULL),(125,'rg1','2024-08-07','HR',1,NULL,NULL,56,'hu',1,67,'jio',NULL,NULL,NULL,NULL,NULL,284,NULL,NULL),(126,'rg1','2024-08-07','hr',1,NULL,NULL,78,'joi',10,78,'joi',NULL,NULL,NULL,NULL,NULL,285,NULL,NULL),(127,'rg1','2024-08-07','hr',1,NULL,NULL,78,'joi',10,78,'joi',NULL,NULL,NULL,NULL,NULL,285,NULL,NULL),(128,'rg1','2024-08-07','hr',1,NULL,NULL,78,'joi',10,78,'joi',NULL,NULL,NULL,NULL,NULL,285,NULL,NULL),(129,'rg1','2024-08-07','HR',1,NULL,NULL,43,'hj',1,78,'jil',NULL,NULL,NULL,NULL,NULL,286,NULL,NULL),(130,'rg1','2024-08-07','HR',1,NULL,NULL,43,'hj',1,78,'jil',NULL,NULL,NULL,NULL,NULL,286,NULL,NULL),(131,'rg1','2024-08-07','hr',1,NULL,NULL,678,'kl',10,67,'jio',NULL,NULL,NULL,NULL,NULL,287,NULL,NULL),(132,'rg1','2024-08-07','HR',1,NULL,NULL,67,'jln',1,67,'kjkl',NULL,NULL,NULL,NULL,NULL,287,NULL,NULL),(133,'rg1','2024-08-07','HR',1,NULL,NULL,67,'jln',1,67,'kjkl',NULL,NULL,NULL,NULL,NULL,287,NULL,NULL),(134,'rg1','2024-08-07','HR',1,NULL,NULL,0,'fdoep',1,678,'kojp',NULL,NULL,NULL,NULL,NULL,288,NULL,NULL),(135,'rg1','2024-08-07','HR',1,NULL,NULL,0,'fdoep',1,678,'kojp',NULL,NULL,NULL,NULL,NULL,288,NULL,NULL),(136,'rg1','2024-08-07','HR',1,NULL,NULL,0,'ojio',1,67,'hk',NULL,NULL,NULL,NULL,NULL,289,NULL,NULL),(137,'rg1','2024-08-07','HR',1,NULL,NULL,0,'ojio',1,67,'hk',NULL,NULL,NULL,NULL,NULL,289,NULL,NULL),(138,'admin','2024-08-19','HR',1,NULL,NULL,0,'hjjj',1,7678,'need to be night',NULL,NULL,NULL,NULL,NULL,293,NULL,NULL),(139,'admin','2024-08-19','HR',1,NULL,NULL,0,'hjjj',1,7678,'need to be night',NULL,NULL,NULL,NULL,NULL,293,NULL,NULL),(140,'rg1','2024-08-19','HR',1,NULL,NULL,0,'ihu1',1,56,'need to be urgrn',NULL,NULL,NULL,NULL,NULL,294,NULL,NULL),(141,'rg1','2024-08-19','HR',1,NULL,NULL,0,'ihu1',1,56,'need to be urgrn',NULL,NULL,NULL,NULL,NULL,294,NULL,NULL);
/*!40000 ALTER TABLE `requisition_table` ENABLE KEYS */;
UNLOCK TABLES;

--
-- Table structure for table `requisition_table_header`
--

DROP TABLE IF EXISTS `requisition_table_header`;
/*!40101 SET @saved_cs_client     = @@character_set_client */;
/*!50503 SET character_set_client = utf8mb4 */;
CREATE TABLE `requisition_table_header` (
  `record_id` int NOT NULL AUTO_INCREMENT,
  `status` varchar(50) NOT NULL DEFAULT 'PENDING',
  `created_by` varchar(45) NOT NULL,
  `created_date` date NOT NULL,
  `updated_by` varchar(45) NOT NULL,
  `updated_date` date NOT NULL,
  `recordStatus` varchar(50) DEFAULT NULL,
  PRIMARY KEY (`record_id`)
) ENGINE=InnoDB AUTO_INCREMENT=296 DEFAULT CHARSET=utf8mb4 COLLATE=utf8mb4_0900_ai_ci;
/*!40101 SET character_set_client = @saved_cs_client */;

--
-- Dumping data for table `requisition_table_header`
--

LOCK TABLES `requisition_table_header` WRITE;
/*!40000 ALTER TABLE `requisition_table_header` DISABLE KEYS */;
INSERT INTO `requisition_table_header` VALUES (1,'PENDING','user_1','2024-08-02','user1','2024-08-02','inProcess'),(2,'PENDING','user_1','2024-08-02','user1','2024-08-02',NULL),(3,'PENDING','user_1','2024-08-02','user1','2024-08-02',NULL),(4,'PENDING','user_1','2024-08-02','user1','2024-08-02',NULL),(5,'PENDING','user_1','2024-08-02','user1','2024-08-02',NULL),(6,'PENDING','user_1','2024-08-02','user1','2024-08-02',NULL),(7,'PENDING','user_1','2024-08-02','user1','2024-08-02',NULL),(8,'PENDING','user_1','2024-08-02','user1','2024-08-02',NULL),(9,'PENDING','user_1','2024-08-02','user1','2024-08-02',NULL),(10,'PENDING','user_1','2024-08-02','user1','2024-08-02',NULL),(11,'PENDING','user_1','2024-08-02','user1','2024-08-02',NULL),(12,'PENDING','user_1','2024-08-02','user1','2024-08-02',NULL),(13,'PENDING','user_1','2024-08-02','user1','2024-08-02',NULL),(14,'PENDING','user_1','2024-08-02','user1','2024-08-02',NULL),(15,'PENDING','user_1','2024-08-02','user1','2024-08-02',NULL),(16,'PENDING','user_1','2024-08-02','user1','2024-08-02',NULL),(17,'PENDING','user_1','2024-08-02','user1','2024-08-02',NULL),(18,'PENDING','user_1','2024-08-02','user1','2024-08-02',NULL),(19,'PENDING','user_1','2024-08-02','user1','2024-08-02',NULL),(20,'PENDING','user_1','2024-08-02','user1','2024-08-02',NULL),(21,'PENDING','user_1','2024-08-02','user1','2024-08-02',NULL),(22,'PENDING','user_1','2024-08-02','user1','2024-08-02',NULL),(23,'PENDING','user_1','2024-08-02','user1','2024-08-02',NULL),(24,'PENDING','user_1','2024-08-02','user1','2024-08-02',NULL),(25,'PENDING','user_1','2024-08-02','user1','2024-08-02',NULL),(26,'PENDING','user_1','2024-08-02','user1','2024-08-02',NULL),(27,'PENDING','user_1','2024-08-02','user1','2024-08-02',NULL),(28,'PENDING','user_1','2024-08-02','user1','2024-08-02',NULL),(29,'PENDING','user_1','2024-08-02','user1','2024-08-02',NULL),(30,'PENDING','user_1','2024-08-02','user1','2024-08-02',NULL),(31,'PENDING','user_1','2024-08-02','user1','2024-08-02',NULL),(32,'PENDING','user_1','2024-08-02','user1','2024-08-02',NULL),(33,'PENDING','user_1','2024-08-02','user1','2024-08-02',NULL),(34,'PENDING','user_1','2024-08-02','user1','2024-08-02',NULL),(35,'PENDING','user_1','2024-08-02','user1','2024-08-02',NULL),(36,'PENDING','user_1','2024-08-02','user1','2024-08-02',NULL),(37,'PENDING','user_1','2024-08-02','user1','2024-08-02',NULL),(38,'PENDING','user_1','2024-08-02','user1','2024-08-02',NULL),(39,'PENDING','user_1','2024-08-02','user1','2024-08-02',NULL),(40,'PENDING','user_1','2024-08-02','user1','2024-08-02',NULL),(41,'PENDING','user_1','2024-08-02','user1','2024-08-02',NULL),(42,'PENDING','user_1','2024-08-02','user1','2024-08-02',NULL),(43,'PENDING','user_1','2024-08-02','user1','2024-08-02',NULL),(44,'PENDING','user_1','2024-08-02','user1','2024-08-02',NULL),(45,'PENDING','user_1','2024-08-02','user1','2024-08-02',NULL),(46,'PENDING','user_1','2024-08-02','user1','2024-08-02',NULL),(47,'PENDING','user_1','2024-08-02','user1','2024-08-02',NULL),(48,'PENDING','user_1','2024-08-02','user1','2024-08-02',NULL),(49,'PENDING','user_1','2024-08-02','user1','2024-08-02',NULL),(50,'PENDING','user_1','2024-08-02','user1','2024-08-02',NULL),(51,'PENDING','user_1','2024-08-02','user1','2024-08-02',NULL),(52,'PENDING','user_1','2024-08-02','user1','2024-08-02',NULL),(53,'PENDING','user_1','2024-08-02','user1','2024-08-02',NULL),(54,'PENDING','user_1','2024-08-02','user1','2024-08-02',NULL),(55,'PENDING','user_1','2024-08-02','user1','2024-08-02',NULL),(56,'PENDING','user_1','2024-08-02','user1','2024-08-02',NULL),(57,'PENDING','user_1','2024-08-02','user1','2024-08-02',NULL),(58,'PENDING','user_1','2024-08-02','user1','2024-08-02',NULL),(59,'PENDING','user_1','2024-08-02','user1','2024-08-02',NULL),(60,'PENDING','user_1','2024-08-02','user1','2024-08-02',NULL),(61,'PENDING','user_1','2024-08-02','user1','2024-08-02',NULL),(62,'PENDING','user_1','2024-08-02','user1','2024-08-02',NULL),(63,'PENDING','user_1','2024-08-02','user1','2024-08-02',NULL),(64,'PENDING','user_1','2024-08-02','user1','2024-08-02',NULL),(65,'PENDING','user_1','2024-08-02','user1','2024-08-02',NULL),(66,'PENDING','user_1','2024-08-02','user1','2024-08-02',NULL),(67,'PENDING','user_1','2024-08-02','user1','2024-08-02',NULL),(68,'PENDING','user_1','2024-08-02','user1','2024-08-02',NULL),(69,'PENDING','user_1','2024-08-02','user1','2024-08-02',NULL),(70,'PENDING','user_1','2024-08-02','user1','2024-08-02',NULL),(71,'PENDING','user_1','2024-08-02','user1','2024-08-02',NULL),(72,'PENDING','user_1','2024-08-02','user1','2024-08-02',NULL),(73,'PENDING','user_1','2024-08-02','user1','2024-08-02',NULL),(74,'PENDING','user_1','2024-08-02','user1','2024-08-02',NULL),(75,'PENDING','user_1','2024-08-02','user1','2024-08-02',NULL),(76,'PENDING','user_1','2024-08-02','user1','2024-08-02',NULL),(77,'PENDING','user_1','2024-08-02','user1','2024-08-02',NULL),(78,'PENDING','user_1','2024-08-02','user1','2024-08-02',NULL),(79,'PENDING','user_1','2024-08-02','user1','2024-08-02',NULL),(80,'PENDING','user_1','2024-08-02','user1','2024-08-02',NULL),(81,'PENDING','user_1','2024-08-02','user1','2024-08-02',NULL),(82,'PENDING','user_1','2024-08-02','user1','2024-08-02',NULL),(83,'PENDING','user_1','2024-08-02','user1','2024-08-02',NULL),(84,'PENDING','user_1','2024-08-02','user1','2024-08-02',NULL),(85,'PENDING','user_1','2024-08-02','user1','2024-08-02',NULL),(86,'PENDING','user_1','2024-08-02','user1','2024-08-02',NULL),(87,'PENDING','user_1','2024-08-02','user1','2024-08-02',NULL),(88,'PENDING','user_1','2024-08-02','user1','2024-08-02',NULL),(89,'PENDING','user_1','2024-08-02','user1','2024-08-02',NULL),(90,'PENDING','user_1','2024-08-02','user1','2024-08-02',NULL),(91,'PENDING','user_1','2024-08-02','user1','2024-08-02',NULL),(92,'PENDING','user_1','2024-08-02','user1','2024-08-02',NULL),(93,'PENDING','user_1','2024-08-02','user1','2024-08-02',NULL),(94,'PENDING','user_1','2024-08-02','user1','2024-08-02',NULL),(95,'PENDING','user_1','2024-08-02','user1','2024-08-02',NULL),(96,'PENDING','user_1','2024-08-02','user1','2024-08-02',NULL),(97,'PENDING','user_1','2024-08-02','user1','2024-08-02',NULL),(98,'PENDING','user_1','2024-08-02','user1','2024-08-02',NULL),(99,'PENDING','user_1','2024-08-02','user1','2024-08-02',NULL),(100,'PENDING','user_1','2024-08-02','user1','2024-08-02',NULL),(101,'PENDING','user_1','2024-08-02','user1','2024-08-02',NULL),(102,'PENDING','user_1','2024-08-02','user1','2024-08-02',NULL),(103,'PENDING','user_1','2024-08-02','user1','2024-08-02',NULL),(104,'PENDING','user_1','2024-08-02','user1','2024-08-02',NULL),(105,'PENDING','user_1','2024-08-02','user1','2024-08-02',NULL),(106,'PENDING','user_1','2024-08-02','user1','2024-08-02',NULL),(107,'PENDING','user_1','2024-08-02','user1','2024-08-02',NULL),(108,'PENDING','user_1','2024-08-02','user1','2024-08-02',NULL),(109,'PENDING','user_1','2024-08-02','user1','2024-08-02',NULL),(110,'PENDING','user_1','2024-08-02','user1','2024-08-02',NULL),(111,'PENDING','user_1','2024-08-02','user1','2024-08-02',NULL),(112,'PENDING','user_1','2024-08-02','user1','2024-08-02',NULL),(113,'PENDING','user_1','2024-08-02','user1','2024-08-02',NULL),(114,'PENDING','user_1','2024-08-02','user1','2024-08-02',NULL),(115,'PENDING','user_1','2024-08-02','user1','2024-08-02',NULL),(116,'PENDING','user_1','2024-08-02','user1','2024-08-02',NULL),(117,'PENDING','user_1','2024-08-02','user1','2024-08-02',NULL),(118,'PENDING','user_1','2024-08-02','user1','2024-08-02',NULL),(119,'PENDING','user_1','2024-08-02','user1','2024-08-02',NULL),(120,'PENDING','user_1','2024-08-02','user1','2024-08-02',NULL),(121,'PENDING','user_1','2024-08-02','user1','2024-08-02',NULL),(122,'PENDING','user_1','2024-08-02','user1','2024-08-02',NULL),(123,'PENDING','user_1','2024-08-02','user1','2024-08-02',NULL),(124,'PENDING','user_1','2024-08-02','user1','2024-08-02',NULL),(125,'PENDING','user_1','2024-08-02','user1','2024-08-02',NULL),(126,'PENDING','user_1','2024-08-02','user1','2024-08-02',NULL),(127,'PENDING','user_1','2024-08-02','user1','2024-08-02',NULL),(128,'PENDING','user_1','2024-08-02','user1','2024-08-02',NULL),(129,'PENDING','user_1','2024-08-02','user1','2024-08-02',NULL),(130,'PENDING','user_1','2024-08-02','user1','2024-08-02',NULL),(131,'PENDING','user_1','2024-08-02','user1','2024-08-02',NULL),(132,'PENDING','user_1','2024-08-02','user1','2024-08-02',NULL),(133,'PENDING','user_1','2024-08-02','user1','2024-08-02',NULL),(134,'PENDING','user_1','2024-08-02','user1','2024-08-02',NULL),(135,'PENDING','user_1','2024-08-02','user1','2024-08-02',NULL),(136,'PENDING','user_1','2024-08-02','user1','2024-08-02',NULL),(137,'PENDING','user_1','2024-08-02','user1','2024-08-02',NULL),(138,'PENDING','user_1','2024-08-02','user1','2024-08-02',NULL),(139,'PENDING','user_1','2024-08-02','user1','2024-08-02',NULL),(140,'PENDING','user_1','2024-08-02','user1','2024-08-02',NULL),(141,'PENDING','user_1','2024-08-02','user1','2024-08-02',NULL),(142,'PENDING','user_1','2024-08-02','user1','2024-08-02',NULL),(143,'PENDING','user_1','2024-08-02','user1','2024-08-02',NULL),(144,'PENDING','user_1','2024-08-02','user1','2024-08-02',NULL),(145,'PENDING','user_1','2024-08-02','user1','2024-08-02',NULL),(146,'PENDING','user_1','2024-08-02','user1','2024-08-02',NULL),(147,'PENDING','user_1','2024-08-02','user1','2024-08-02',NULL),(148,'PENDING','user_1','2024-08-02','user1','2024-08-02',NULL),(149,'PENDING','user_1','2024-08-02','user1','2024-08-02',NULL),(150,'PENDING','user_1','2024-08-02','user1','2024-08-02',NULL),(151,'PENDING','user_1','2024-08-02','user1','2024-08-02',NULL),(152,'PENDING','user_1','2024-08-02','user1','2024-08-02',NULL),(153,'PENDING','user_1','2024-08-02','user1','2024-08-02',NULL),(154,'PENDING','user_1','2024-08-02','user1','2024-08-02',NULL),(155,'PENDING','user_1','2024-08-02','user1','2024-08-02',NULL),(156,'PENDING','user_1','2024-08-02','user1','2024-08-02',NULL),(157,'PENDING','user_1','2024-08-02','user1','2024-08-02',NULL),(158,'PENDING','user_1','2024-08-02','user1','2024-08-02',NULL),(159,'PENDING','user_1','2024-08-02','user1','2024-08-02',NULL),(160,'PENDING','user_1','2024-08-02','user1','2024-08-02',NULL),(161,'PENDING','user_1','2024-08-02','user1','2024-08-02',NULL),(162,'PENDING','user_1','2024-08-02','user1','2024-08-02',NULL),(163,'PENDING','user_1','2024-08-02','user1','2024-08-02',NULL),(164,'PENDING','user_1','2024-08-02','user1','2024-08-02',NULL),(165,'PENDING','user_1','2024-08-02','user1','2024-08-02',NULL),(166,'PENDING','user_1','2024-08-02','user1','2024-08-02',NULL),(167,'PENDING','user_1','2024-08-02','user1','2024-08-02',NULL),(168,'PENDING','user_1','2024-08-02','user1','2024-08-02',NULL),(169,'PENDING','user_1','2024-08-02','user1','2024-08-02',NULL),(170,'PENDING','user_1','2024-08-02','user1','2024-08-02',NULL),(171,'PENDING','user_1','2024-08-02','user1','2024-08-02',NULL),(172,'PENDING','user_1','2024-08-02','user1','2024-08-02',NULL),(173,'PENDING','user_1','2024-08-02','user1','2024-08-02',NULL),(174,'PENDING','user_1','2024-08-02','user1','2024-08-02',NULL),(175,'PENDING','user_1','2024-08-02','user1','2024-08-02',NULL),(176,'PENDING','user_1','2024-08-02','user1','2024-08-02',NULL),(177,'PENDING','user_1','2024-08-02','user1','2024-08-02',NULL),(178,'PENDING','user_1','2024-08-02','user1','2024-08-02',NULL),(179,'PENDING','user_1','2024-08-02','user1','2024-08-02',NULL),(180,'PENDING','user_1','2024-08-02','user1','2024-08-02',NULL),(181,'PENDING','user_1','2024-08-02','user1','2024-08-02',NULL),(182,'PENDING','user_1','2024-08-02','user1','2024-08-02',NULL),(183,'PENDING','user_1','2024-08-02','user1','2024-08-02',NULL),(184,'PENDING','user_1','2024-08-02','user1','2024-08-02',NULL),(185,'PENDING','user_1','2024-08-02','user1','2024-08-02',NULL),(186,'PENDING','user_1','2024-08-02','user1','2024-08-02',NULL),(187,'PENDING','user_1','2024-08-02','user1','2024-08-02',NULL),(188,'PENDING','user_1','2024-08-02','user1','2024-08-02',NULL),(189,'PENDING','user_1','2024-08-02','user1','2024-08-02',NULL),(190,'PENDING','user_1','2024-08-02','user1','2024-08-02',NULL),(191,'PENDING','user_1','2024-08-02','user1','2024-08-02',NULL),(192,'PENDING','user_1','2024-08-02','user1','2024-08-02',NULL),(193,'PENDING','user_1','2024-08-02','user1','2024-08-02',NULL),(194,'PENDING','user_1','2024-08-02','user1','2024-08-02',NULL),(195,'PENDING','user_1','2024-08-02','user1','2024-08-02',NULL),(196,'PENDING','user_1','2024-08-02','user1','2024-08-02',NULL),(197,'PENDING','user_1','2024-08-02','user1','2024-08-02',NULL),(198,'PENDING','user_1','2024-08-02','user1','2024-08-02',NULL),(199,'PENDING','user_1','2024-08-02','user1','2024-08-02',NULL),(200,'PENDING','user_1','2024-08-02','user1','2024-08-02',NULL),(201,'PENDING','user_1','2024-08-02','user1','2024-08-02',NULL),(202,'PENDING','user_1','2024-08-02','user1','2024-08-02',NULL),(203,'PENDING','user_1','2024-08-02','user1','2024-08-02',NULL),(204,'PENDING','user_1','2024-08-03','user1','2024-08-03',NULL),(205,'PENDING','user_1','2024-08-03','user1','2024-08-03',NULL),(206,'PENDING','user_1','2024-08-03','user1','2024-08-03',NULL),(207,'PENDING','user_1','2024-08-03','user1','2024-08-03',NULL),(208,'PENDING','user_1','2024-08-03','user1','2024-08-03',NULL),(209,'PENDING','user_1','2024-08-03','user1','2024-08-03',NULL),(210,'PENDING','user_1','2024-08-03','user1','2024-08-03',NULL),(211,'PENDING','adminRequisition','2024-08-03','user1','2024-08-03',NULL),(212,'PENDING','adminRequisition','2024-08-03','user1','2024-08-03',NULL),(213,'PENDING','adminRequisition','2024-08-03','user1','2024-08-03',NULL),(214,'PENDING','adminRequisition','2024-08-03','user1','2024-08-03',NULL),(215,'PENDING','adminRequisition','2024-08-03','user1','2024-08-03',NULL),(216,'PENDING','adminRequisition','2024-08-03','user1','2024-08-03',NULL),(217,'PENDING','adminRequisition','2024-08-03','user1','2024-08-03',NULL),(218,'PENDING','adminRequisition','2024-08-03','user1','2024-08-03',NULL),(219,'PENDING','adminRequisition','2024-08-03','user1','2024-08-03',NULL),(220,'PENDING','adminRequisition','2024-08-03','user1','2024-08-03',NULL),(221,'PENDING','adminRequisition','2024-08-03','user1','2024-08-03',NULL),(222,'PENDING','adminRequisition','2024-08-03','user1','2024-08-03',NULL),(223,'PENDING','adminRequisition','2024-08-03','user1','2024-08-03',NULL),(224,'PENDING','adminRequisition','2024-08-03','user1','2024-08-03',NULL),(225,'PENDING','adminRequisition','2024-08-03','user1','2024-08-03',NULL),(226,'PENDING','','2024-08-05','user1','2024-08-05',NULL),(227,'PENDING','','2024-08-05','user1','2024-08-05',NULL),(228,'PENDING','','2024-08-05','user1','2024-08-05',NULL),(229,'PENDING','adminRequisition','2024-08-05','user1','2024-08-05',NULL),(230,'PENDING','adminRequisition','2024-08-05','user1','2024-08-05',NULL),(231,'PENDING','adminRequisition','2024-08-05','user1','2024-08-05',NULL),(232,'PENDING','adminRequisition','2024-08-05','user1','2024-08-05',NULL),(233,'PENDING','adminRequisition','2024-08-05','user1','2024-08-05',NULL),(234,'PENDING','adminRequisition','2024-08-05','user1','2024-08-05',NULL),(235,'PENDING','adminRequisition','2024-08-05','user1','2024-08-05',NULL),(236,'PENDING','adminRequisition','2024-08-06','user1','2024-08-06',NULL),(237,'PENDING','admin','2024-08-06','user1','2024-08-06',NULL),(238,'PENDING','admin','2024-08-06','user1','2024-08-06',NULL),(239,'PENDING','','2024-08-06','user1','2024-08-06',NULL),(240,'PENDING','adminRequisition','2024-08-06','user1','2024-08-06',NULL),(241,'PENDING','adminRequisition','2024-08-06','user1','2024-08-06',NULL),(242,'PENDING','adminRequisition','2024-08-06','user1','2024-08-06',NULL),(243,'PENDING','admin','2024-08-06','user1','2024-08-06',NULL),(244,'PENDING','admin','2024-08-06','user1','2024-08-06',NULL),(245,'PENDING','admin','2024-08-06','user1','2024-08-06',NULL),(246,'PENDING','admin','2024-08-06','user1','2024-08-06',NULL),(247,'PENDING','admin','2024-08-06','user1','2024-08-06',NULL),(248,'PENDING','admin','2024-08-06','user1','2024-08-06',NULL),(249,'PENDING','admin','2024-08-06','user1','2024-08-06',NULL),(250,'PENDING','admin','2024-08-06','user1','2024-08-06',NULL),(251,'PENDING','admin','2024-08-06','user1','2024-08-06',NULL),(252,'PENDING','admin','2024-08-06','user1','2024-08-06',NULL),(253,'PENDING','admin','2024-08-06','user1','2024-08-06',NULL),(254,'PENDING','admin','2024-08-06','user1','2024-08-06',NULL),(255,'PENDING','admin','2024-08-06','user1','2024-08-06',NULL),(256,'PENDING','admin','2024-08-06','user1','2024-08-06',NULL),(257,'PENDING','admin','2024-08-06','user1','2024-08-06',NULL),(258,'PENDING','admin','2024-08-06','user1','2024-08-06',NULL),(259,'PENDING','admin','2024-08-06','user1','2024-08-06',NULL),(260,'PENDING','admin','2024-08-06','user1','2024-08-06',NULL),(261,'PENDING','admin','2024-08-06','user1','2024-08-06',NULL),(262,'PENDING','admin','2024-08-06','user1','2024-08-06',NULL),(263,'PENDING','admin','2024-08-06','user1','2024-08-06',NULL),(264,'PENDING','admin','2024-08-06','user1','2024-08-06',NULL),(265,'PENDING','admin','2024-08-06','user1','2024-08-06',NULL),(266,'PENDING','adminRequisition','2024-08-07','user1','2024-08-07',NULL),(267,'PENDING','adminRequisition','2024-08-07','user1','2024-08-07',NULL),(268,'PENDING','adminRequisition','2024-08-07','user1','2024-08-07',NULL),(269,'PENDING','adminRequisition','2024-08-07','user1','2024-08-07','inProcess'),(270,'PENDING','adminRequisition','2024-08-07','user1','2024-08-07','inProcess'),(271,'PENDING','adminRequisition','2024-08-07','user1','2024-08-07','inProcess'),(272,'PENDING','rg1','2024-08-07','user1','2024-08-07','inProcess'),(273,'PENDING','adminRequisition','2024-08-07','user1','2024-08-07','inProcess'),(274,'PENDING','rg1','2024-08-07','user1','2024-08-07','inProcess'),(275,'PENDING','rg1','2024-08-07','user1','2024-08-07',NULL),(276,'PENDING','rg1','2024-08-07','user1','2024-08-07','inProcess'),(277,'PENDING','adminRequisition','2024-08-07','user1','2024-08-07','inProcess'),(278,'PENDING','adminRequisition','2024-08-07','user1','2024-08-07','inProcess'),(279,'PENDING','rg1','2024-08-07','user1','2024-08-07','draft'),(280,'PENDING','adminRequisition','2024-08-07','user1','2024-08-07','inProcess'),(281,'PENDING','rg1','2024-08-07','user1','2024-08-07','inProcess'),(282,'PENDING','rg1','2024-08-07','user1','2024-08-07',NULL),(283,'PENDING','rg1','2024-08-07','user1','2024-08-07','inProcess'),(284,'PENDING','rg1','2024-08-07','user1','2024-08-07','inProcess'),(285,'PENDING','rg1','2024-08-07','user1','2024-08-07',NULL),(286,'PENDING','rg1','2024-08-07','user1','2024-08-07','inProcess'),(287,'PENDING','rg1','2024-08-07','user1','2024-08-07','inProcess'),(288,'PENDING','rg1','2024-08-07','user1','2024-08-07','inProcess'),(289,'PENDING','rg1','2024-08-07','user1','2024-08-07','inProcess'),(290,'PENDING','rg1','2024-08-07','user1','2024-08-07',NULL),(291,'PENDING','admin','2024-08-12','user1','2024-08-12',NULL),(292,'PENDING','admin','2024-08-18','user1','2024-08-18',NULL),(293,'PENDING','admin','2024-08-19','user1','2024-08-19','inProcess'),(294,'PENDING','rg1','2024-08-19','user1','2024-08-19','inProcess'),(295,'PENDING','rg1','2024-08-19','user1','2024-08-19',NULL);
/*!40000 ALTER TABLE `requisition_table_header` ENABLE KEYS */;
UNLOCK TABLES;

--
-- Table structure for table `sale_order_table`
--

DROP TABLE IF EXISTS `sale_order_table`;
/*!40101 SET @saved_cs_client     = @@character_set_client */;
/*!50503 SET character_set_client = utf8mb4 */;
CREATE TABLE `sale_order_table` (
  `project_number` int NOT NULL AUTO_INCREMENT,
  `User_name` varchar(45) DEFAULT NULL,
  `user_address` varchar(45) DEFAULT NULL,
  `user_phone_number` bigint DEFAULT NULL,
  `user_email` varchar(45) DEFAULT NULL,
  `item_required` varchar(45) DEFAULT NULL,
  `item_shape` varchar(45) DEFAULT NULL,
  `item_size` varchar(45) DEFAULT NULL,
  `item_height` varchar(45) DEFAULT NULL,
  `item_finish` varchar(45) DEFAULT NULL,
  `installation_is_required` varchar(45) DEFAULT NULL,
  `installatio_need_by_date` date DEFAULT NULL,
  `query_recieved` varchar(45) DEFAULT NULL,
  `query_start_date` date DEFAULT NULL,
  `query_updated_date` date DEFAULT NULL,
  `query_created_by` varchar(45) DEFAULT NULL,
  `query_updated_by` varchar(45) DEFAULT NULL,
  `quotaion_shared_date` date DEFAULT NULL,
  `re_query` varchar(45) DEFAULT NULL,
  `re_query_closure_date` date DEFAULT NULL,
  `followup` varchar(45) DEFAULT NULL,
  `query_end_date` date DEFAULT NULL,
  `project_status` varchar(45) DEFAULT NULL,
  `tentative_installation` varchar(45) DEFAULT NULL,
  `installation_date` date DEFAULT NULL,
  `item_type` varchar(45) DEFAULT NULL,
  `shop_drawing_start_date` varchar(45) DEFAULT NULL,
  `shop_drawing_approved` varchar(45) DEFAULT NULL,
  `sample_approval_start_date` date DEFAULT NULL,
  `sample_approval_date` date DEFAULT NULL,
  `perfomance_invoice` varchar(45) DEFAULT NULL,
  `assemble_start_date` date DEFAULT NULL,
  `assemble_compition_date` date DEFAULT NULL,
  `dismantal_start_date` date DEFAULT NULL,
  `disamental_complition_date` date DEFAULT NULL,
  `packed_start_date` date DEFAULT NULL,
  `packed_completion_date` date DEFAULT NULL,
  `remarks` varchar(45) DEFAULT NULL,
  `created_by` varchar(45) DEFAULT NULL,
  `created_date` date DEFAULT NULL,
  `updated_by` varchar(45) DEFAULT NULL,
  `updated_date` date DEFAULT NULL,
  PRIMARY KEY (`project_number`),
  UNIQUE KEY `project_number_UNIQUE` (`project_number`)
) ENGINE=InnoDB AUTO_INCREMENT=5 DEFAULT CHARSET=utf8mb4 COLLATE=utf8mb4_0900_ai_ci;
/*!40101 SET character_set_client = @saved_cs_client */;

--
-- Dumping data for table `sale_order_table`
--

LOCK TABLES `sale_order_table` WRITE;
/*!40000 ALTER TABLE `sale_order_table` DISABLE KEYS */;
INSERT INTO `sale_order_table` VALUES (1,'manish','delhi',4783,'manish@gmil.com','12','12','12','120','yes','n','2022-11-30','yes','2026-03-29','2024-08-01','SYSTEM','SYSTEM','2024-01-02','last monday','2024-02-03','followup','2025-01-02','pending','yes','2024-03-01','goods','2024-01-01','pending','2025-02-02','2024-02-01','dmko','2024-01-01','2024-02-02','2025-02-02','2024-01-03','2024-01-01','2024-01-01','remarks','system','2024-08-01','system','2024-08-01'),(2,'manish','delhi',4783,'manish@gmil.com','12','12','12','120','yes','n','2022-11-30','yes','2026-03-29','2024-08-01','SYSTEM','SYSTEM','2024-01-02','last monday','2024-02-03','followup','2025-01-02','pending','yes','2024-03-01','goods','2024-01-01','pending','2025-02-02','2024-02-01','dmko','2024-01-01','2024-02-02','2025-02-02','2024-01-03','2024-01-01','2024-01-01','remarks','system','2024-08-01','system','2024-08-01'),(3,'john ','221street california',948349,'john@gmail.com','wood','round','large','10ft','glossy','yes','2024-01-02','yes','2024-01-01','2024-08-01','SYSTEM','SYSTEM','2025-03-03','received','2025-03-02','followup','2025-03-03','pending','yes','2025-02-04','furniture','2024-03-03','YES','2026-03-03','2026-03-03','invoice','2025-03-03','2025-02-04','2025-01-01','2024-01-01','2024-02-01','2025-01-06','remarks','system','2024-08-01','system','2024-08-01'),(4,'sagar','kailashpuri',748378,'sagar@gmail.com','wood','sharp','small','20ft','glossy','yes','2024-02-02','no','2024-08-01','2024-08-01','SYSTEM','SYSTEM','2024-08-01','last monday','2024-08-01','no follow up','2026-03-02','Success','noi','2025-03-02','utencil','2025-03-02','yes','2026-02-01','2024-02-01','invoive001','2024-08-01','2024-08-01','2024-08-01','2024-08-01','2024-08-01','2024-08-01','work pending','system','2024-08-01','system','2024-08-01');
/*!40000 ALTER TABLE `sale_order_table` ENABLE KEYS */;
UNLOCK TABLES;

--
-- Table structure for table `sub_category`
--

DROP TABLE IF EXISTS `sub_category`;
/*!40101 SET @saved_cs_client     = @@character_set_client */;
/*!50503 SET character_set_client = utf8mb4 */;
CREATE TABLE `sub_category` (
  `subCatId` int NOT NULL AUTO_INCREMENT,
  `catId` int DEFAULT NULL,
  `name` varchar(45) DEFAULT NULL,
  PRIMARY KEY (`subCatId`)
) ENGINE=InnoDB AUTO_INCREMENT=19 DEFAULT CHARSET=utf8mb4 COLLATE=utf8mb4_0900_ai_ci;
/*!40101 SET character_set_client = @saved_cs_client */;

--
-- Dumping data for table `sub_category`
--

LOCK TABLES `sub_category` WRITE;
/*!40000 ALTER TABLE `sub_category` DISABLE KEYS */;
INSERT INTO `sub_category` VALUES (1,1,'Bulb'),(2,1,'Holder'),(3,1,'Wire'),(4,6,'Urn'),(5,7,'Metal'),(6,6,'Pipe'),(7,6,'Shade'),(8,6,'Samadhan'),(9,6,'Balls'),(10,8,'Staionary'),(11,9,'Shades'),(12,10,'Acrylic_diffuser'),(13,11,'Crystal'),(14,12,'Bubble wrap'),(15,12,'Shrink wrap'),(16,12,'Corrugated boxes'),(17,12,'Wooden crating'),(18,12,'Tapes');
/*!40000 ALTER TABLE `sub_category` ENABLE KEYS */;
UNLOCK TABLES;

--
-- Table structure for table `user_details`
--

DROP TABLE IF EXISTS `user_details`;
/*!40101 SET @saved_cs_client     = @@character_set_client */;
/*!50503 SET character_set_client = utf8mb4 */;
CREATE TABLE `user_details` (
  `name` varchar(50) DEFAULT NULL,
  `fullName` varchar(50) DEFAULT NULL,
  `phone_number` bigint DEFAULT NULL,
  `country` varchar(50) DEFAULT NULL
) ENGINE=InnoDB DEFAULT CHARSET=utf8mb4 COLLATE=utf8mb4_0900_ai_ci;
/*!40101 SET character_set_client = @saved_cs_client */;

--
-- Dumping data for table `user_details`
--

LOCK TABLES `user_details` WRITE;
/*!40000 ALTER TABLE `user_details` DISABLE KEYS */;
INSERT INTO `user_details` VALUES ('manish','manish kdr',24834989,'IND');
/*!40000 ALTER TABLE `user_details` ENABLE KEYS */;
UNLOCK TABLES;

--
-- Table structure for table `user_info`
--

DROP TABLE IF EXISTS `user_info`;
/*!40101 SET @saved_cs_client     = @@character_set_client */;
/*!50503 SET character_set_client = utf8mb4 */;
CREATE TABLE `user_info` (
  `id` int NOT NULL AUTO_INCREMENT,
  `fullname` varchar(100) NOT NULL,
  `user_email` varchar(50) NOT NULL,
  `user_phoneNumber` bigint NOT NULL,
  `age` int NOT NULL,
  `gender` varchar(10) NOT NULL,
  `address_line_1` varchar(100) NOT NULL,
  `username` varchar(100) NOT NULL,
  `password` varchar(100) NOT NULL,
  `date_birth` date NOT NULL,
  `bank_name` varchar(50) NOT NULL,
  `bank_account_number` varchar(50) NOT NULL,
  `bank_IFSC_code` varchar(50) NOT NULL,
  `bank_branch_name` varchar(50) NOT NULL,
  `Year` int NOT NULL,
  `pan_card_required` varchar(10) DEFAULT NULL,
  `adhaar_number` bigint DEFAULT NULL,
  `category` varchar(50) DEFAULT NULL,
  `membership` varchar(50) NOT NULL,
  `name_of_company` varchar(50) NOT NULL,
  `address_line_2` varchar(100) DEFAULT NULL,
  `landmark` varchar(50) DEFAULT NULL,
  `area` varchar(50) NOT NULL,
  `pincode` int NOT NULL,
  `total_amount_due` int DEFAULT NULL,
  `total_amount_received` int DEFAULT NULL,
  `membership_renewed` varchar(10) DEFAULT NULL,
  `user_type` varchar(50) NOT NULL,
  PRIMARY KEY (`id`)
) ENGINE=InnoDB AUTO_INCREMENT=38 DEFAULT CHARSET=utf8mb4 COLLATE=utf8mb4_0900_ai_ci;
/*!40101 SET character_set_client = @saved_cs_client */;

--
-- Dumping data for table `user_info`
--

LOCK TABLES `user_info` WRITE;
/*!40000 ALTER TABLE `user_info` DISABLE KEYS */;
INSERT INTO `user_info` VALUES (1,'james','example@example.com',7483748,20,'male','delhi','manish','jfeo','2003-12-12','bank','branch_name','32404398905','IDJIDND8D',2024,'no',89898,'genral','no','company_name','delhi-2','palam','palam',110045,2332,323,'no','sum_user'),(2,'John','john.doe@example.com',1234567890,30,'Male','123','johndoe','password123','1993-07-21','Bank','1234567890123456','EXAMPLE1234','Example',2023,'YES',123456789012,'General','Gold','Example','Suite','Near','Example',123456,1000,500,'no','RegularYes'),(3,'manish','dj@diw.com',787878,7,'jkm',' joi','sio','j','2003-12-12','ub','ubj','kjb','kub',2004,'k',2323,'jb','kjb','j','$hi','hui','uib',232,3232,3232,'no','jkb'),(4,'manish','dj@diw.com',787878,7,'jkm',' joi','sio','j','2003-12-12','ub','ubj','kjb','kub',2004,'k',2323,'jb','kjb','j','$hi','hui','uib',232,3232,3232,'no','jkb'),(5,'sagar','sagar@gmail.com',97837384,19,'male','rz 26a kailash puri','sagar79','sagar@123','2003-12-13','bank of india','9843908','IJF9J09U0','Sagar pur',2005,'ODKODJ4',7478350,'GENRAL','PREMEIUM','Constech','kailash puri palam','near by railway station','soth west delhi',110045,3782,47389,'Yes','normal user'),(6,'manish','dj@diw.com',787878,7,'jkm',' joi','sio','swq','2003-12-12','ub','ubj','kjb','kub',2004,'k',2323,'jb','kjb','j','$hi','hui','uib',232,3232,3232,'no','jkb'),(7,'manish','dj@diw.com',787878,7,'jkm',' joi','sio','swq','2003-12-12','ub','ubj','kjb','kub',2004,'k',2323,'jb','kjb','j','$hi','hui','uib',232,3232,3232,'no','jkb'),(8,'manish','dj@diw.com',787878,7,'jkm',' joi','sio','swq','2003-12-12','ub','ubj','kjb','kub',2004,'k',2323,'jb','kjb','j','$hi','hui','uib',232,3232,3232,'no','jkb'),(9,'manish','dj@diw.com',787878,7,'jkm',' joi','sio','swq','2003-12-12','ub','ubj','kjb','kub',2004,'k',2323,'jb','kjb','j','$hi','hui','uib',232,3232,3232,'no','jkb'),(10,'manish','dj@diw.com',787878,7,'jkm',' joi','sio','swq','2003-12-12','ub','ubj','kjb','kub',2004,'k',2323,'jb','kjb','j','$hi','hui','uib',232,3232,3232,'no','jkb'),(11,'manish','dj@diw.com',787878,7,'jkm',' joi','sio','swq','2003-12-12','ub','ubj','kjb','kub',2004,'k',2323,'jb','kjb','j','$hi','hui','uib',232,3232,3232,'no','jkb'),(12,'manish','dj@diw.com',787878,7,'jkm',' joi','sio','swq','2003-12-12','ub','ubj','kjb','kub',2004,'k',2323,'jb','kjb','j','$hi','hui','uib',232,3232,3232,'no','jkb'),(13,'manish','dj@diw.com',787878,7,'jkm',' joi','sio','swq','2003-12-12','ub','ubj','kjb','kub',2004,'k',2323,'jb','kjb','j','$hi','hui','uib',232,3232,3232,'no','jkb'),(14,'manish','dj@diw.com',787878,7,'jkm',' joi','sio','swq','2003-12-12','ub','ubj','kjb','kub',2004,'k',2323,'jb','kjb','j','$hi','hui','uib',232,3232,3232,'no','jkb'),(15,'manish','dj@diw.com',787878,7,'jkm',' joi','sio','swq','2003-12-12','ub','ubj','kjb','kub',2004,'k',2323,'jb','kjb','j','$hi','hui','uib',232,3232,3232,'no','jkb'),(16,'manish','dj@diw.com',787878,7,'jkm',' joi','sio','swq','2003-12-12','ub','ubj','kjb','kub',2004,'k',2323,'jb','kjb','j','$hi','hui','uib',232,3232,3232,'no','jkb'),(17,'manish','dj@diw.com',787878,7,'jkm',' joi','sio','swq','2003-12-12','ub','ubj','kjb','kub',2004,'k',2323,'jb','kjb','j','$hi','hui','uib',232,3232,3232,'no','jkb'),(18,'manish','dj@diw.com',787878,7,'jkm',' joi','sio','swq','2003-12-12','ub','ubj','kjb','kub',2004,'k',2323,'jb','kjb','j','$hi','hui','uib',232,3232,3232,'no','jkb'),(19,'manish','dj@diw.com',787878,7,'jkm',' joi','sio','swq','2003-12-12','ub','ubj','kjb','kub',2004,'k',2323,'jb','kjb','j','$hi','hui','uib',232,3232,3232,'no','jkb'),(20,'manish','dj@diw.com',787878,7,'jkm',' joi','sio','swq','2003-12-12','ub','ubj','kjb','kub',2004,'k',2323,'jb','kjb','j','$hi','hui','uib',232,3232,3232,'no','jkb'),(21,'manish','dj@diw.com',787878,7,'jkm',' joi','sio','swq','2003-12-12','ub','ubj','kjb','kub',2004,'k',2323,'jb','kjb','j','$hi','hui','uib',232,3232,3232,'no','jkb'),(22,'manish','dj@diw.com',787878,7,'jkm',' joi','sio','swq','2003-12-12','ub','ubj','kjb','kub',2004,'k',2323,'jb','kjb','j','$hi','hui','uib',232,3232,3232,'no','jkb'),(23,'manish','dj@diw.com',787878,7,'jkm',' joi','sio','swq','2003-12-12','ub','ubj','kjb','kub',2004,'k',2323,'jb','kjb','j','$hi','hui','uib',232,3232,3232,'no','jkb'),(24,'manish','dj@diw.com',787878,7,'jkm',' joi','sio','swq','2003-12-12','ub','ubj','kjb','kub',2004,'k',2323,'jb','kjb','j','$hi','hui','uib',232,3232,3232,'no','jkb'),(25,'manish','dj@diw.com',787878,7,'jkm',' joi','sio','swq','2003-12-12','ub','ubj','kjb','kub',2004,'k',2323,'jb','kjb','j','$hi','hui','uib',232,3232,3232,'no','jkb'),(26,'manish','dj@diw.com',787878,7,'jkm',' joi','sio','swq','2003-12-12','ub','ubj','kjb','kub',20043,'k',2323,'jb','kjb','j','$hi','hui','uib',232,3232,3232,'no','jkb'),(27,'manish','dj@diw.com',787878,7,'jkm',' joi','sio','swq','2003-12-12','ub','ubj','kjb','kub',20043,'k',2323,'jb','kjb','j','$hi','hui','uib',232,3232,3232,'no','jkb'),(28,'manish','dj@diw.com',787878,7,'jkm',' joi','sio','swq','2003-12-12','ub','ubj','kjb','kub',20043,'k',2323,'jb','kjb','j','$hi','hui','uib',232,3232,3232,'no','jkb'),(29,'manish','dj@diw.com',787878,7,'jkm',' joi','','swq','2003-12-12','ub','ubj','kjb','kub',20043,'k',2323,'jb','kjb','j','$hi','hui','uib',232,3232,3232,'no','jkb'),(30,'manish','dj@diw.com',787878,7,'jkm',' joi','','swq','2003-12-12','ub','ubj','kjb','kub',20043,'k',2323,'jb','kjb','j','$hi','hui','uib',232,3232,3232,'no','jkb'),(31,'manish','dj@diw.com',787878,7,'jkm',' joi','','swq','2003-12-12','ub','ubj','kjb','kub',20043,'k',2323,'jb','kjb','j','$hi','hui','uib',232,3232,3232,'no','jkb'),(32,'manish','dj@diw.com',787878,7,'jkm',' joi','sio','swq','2003-12-12','ub','ubj','kjb','kub',20043,'k',2323,'jb','kjb','j','$hi','hui','uib',232,3232,3232,'no','jkb'),(33,'manish','dj@diw.com',787878,7,'jkm',' joi','sio','swq','2003-12-12','ub','ubj','kjb','kub',20043,'k',2323,'jb','kjb','j','$hi','hui','uib',232,3232,3232,'no','jkb'),(34,'james','james@gmailc.om',434839480,34,'male',' dwodl4','james79','ifenq39r','2005-03-04','bankofameria','443','43ew','sagar put',4344,'4ed3',434390,'genrel','gold','example comonay','$dwmw3','delhi','palam',110044,3232,324,'no','normal user'),(35,'james','james@gmailc.om',434839480,34,'male',' dwodl4','james79','ifenq39r','2005-03-04','bankofameria','443','43ew','sagar put',4344,'4ed3',434390,'genrel','gold','example comonay','$dwmw3','delhi','palam',110044,3232,324,'no','normal user'),(36,' kcoe','aman@gmail.com',9876545678,20,'male','rz','aman79','aman@123','2005-07-07','Bank','8294082409','NXSKNIED89','Sagar',2024,'SJD90DWPKO',875589742468,'GENRAL','GOLD','Gold','palam','kailash','palam',110046,3434,344,'no','normal'),(37,'aman','aman@gmail.com',9876545678,20,'male',' rz kailash puri','aman79','aman@123','2005-07-07','Bank of Asiya','8294082409','NXSKNIED89','Sagar Pur',2024,'SJD90DWPKO',875589742468,'GENRAL','GOLD','Gold company','$palam','kailash puri','palam',110046,3434,344,'no','normal user');
/*!40000 ALTER TABLE `user_info` ENABLE KEYS */;
UNLOCK TABLES;

--
-- Table structure for table `user_management`
--

DROP TABLE IF EXISTS `user_management`;
/*!40101 SET @saved_cs_client     = @@character_set_client */;
/*!50503 SET character_set_client = utf8mb4 */;
CREATE TABLE `user_management` (
  `user_id` int NOT NULL AUTO_INCREMENT,
  `user_name` varchar(50) NOT NULL,
  `updataed_by` varchar(50) NOT NULL,
  `createdBy` varchar(50) NOT NULL,
  `created_date` date NOT NULL,
  `updated_date` date NOT NULL,
  `mobile_number` bigint NOT NULL,
  `email_id` varchar(50) NOT NULL,
  `person_id` int NOT NULL,
  `password` varchar(45) DEFAULT NULL,
  `start_date` date DEFAULT NULL,
  `end_date` date DEFAULT NULL,
  `role` varchar(45) DEFAULT NULL,
  PRIMARY KEY (`user_id`),
  UNIQUE KEY `user_id_UNIQUE` (`user_id`),
  UNIQUE KEY `user_name_UNIQUE` (`user_name`)
) ENGINE=InnoDB AUTO_INCREMENT=22 DEFAULT CHARSET=utf8mb4 COLLATE=utf8mb4_0900_ai_ci;
/*!40101 SET character_set_client = @saved_cs_client */;

--
-- Dumping data for table `user_management`
--

LOCK TABLES `user_management` WRITE;
/*!40000 ALTER TABLE `user_management` DISABLE KEYS */;
INSERT INTO `user_management` VALUES (1,'rg1','system','syetem','2024-07-24','2024-08-07',7382783,'example.com',2,'rg1@123','2000-12-02','2000-12-12','requisitionGen'),(2,'rg2','admin','admin','2024-07-04','2024-08-06',84934809,'example@.com',1,'rg2@123','2000-12-12','2004-12-12','storeIssuer'),(3,'rg3','system','system','2024-07-24','2024-07-24',938493,'admin@admin.com',1,'rg3@123','2024-07-24','2024-12-12','manager'),(4,'admin_read','system','system','2024-07-24','2024-07-24',938493,'admin_read@admin.com',1,'admin@123','2024-07-24','2024-12-12','readOnly'),(5,'admin_write','system','system','2024-07-24','2024-07-24',938493,'admin_write@admin.com',1,'admin@123','2024-07-24','2024-12-12','writeOnly'),(6,'admin_modify','system','system','2024-07-24','2024-07-26',938493,'admin_modify@admin.com',1,'admin@1234','2024-07-24','2024-12-12','modify'),(7,'user_admin','system','system','2024-08-09','2024-08-09',798788,'admin@example.com',3,'admin@123','2024-08-09','2024-08-09','normal'),(8,'rg4',' sysgtem','system','2024-07-07','2024-07-29',45784,'admin1@admin.com',12,'rg4@123','2024-12-31','2024-12-12','requisitionGen'),(9,'admin_9',' sysgtem','system','2024-07-07','2024-07-29',78,'78',1,'admin@123','2024-01-01','2024-07-07','normal'),(10,'admin10',' sysgtem','system','2024-07-07','2024-07-29',788,'exampk@dw.co',12,'admin@123','2024-11-02','2024-07-07','admn'),(11,'admin11',' sysgtem','system','2024-07-07','2024-07-29',898,'admin@13',56,'124','2022-11-01','2024-07-07','modify'),(12,'admin_12',' sysgtem','system','2024-07-07','2024-07-29',73289,'admin1@admin.com',32,'admin@1234','2024-01-01','2024-07-07','admin'),(13,'admin13',' sysgtem','system','2024-07-07','2024-07-29',73289,'admin1@admin.com',12,'admin@123','2024-12-01','2024-07-07','normal'),(14,'user14',' sysgtem','system','2024-07-07','2024-07-29',73289,'78',2,'admin@123','2025-10-02','2000-12-12','normal_user'),(15,'usre15',' sysgtem','system','2024-07-07','2024-07-29',45784,'78',12,'admin@123','2026-01-02','2024-12-12','normal_user'),(16,'admin',' sysgtem','system','2024-07-07','2024-07-29',898,'admin@13',32,'admin@123','2024-01-01','2000-12-12','admin'),(17,'admin17',' sysgtem','system','2024-07-07','2024-07-29',45784,'78',12,'ad','2025-02-03','2000-12-12','normal'),(18,'admin18',' sysgtem','system','2024-07-29','2024-07-29',1234,'example@gmail.com',21,'admin@12','2024-02-01','2024-01-01','normal'),(19,'admin19',' system','system','2024-07-29','2024-07-29',1233,'exampk@dw.co',12,'admin@1234','2025-01-01','2025-02-01','normal'),(20,'adminRequisition','system','system','2024-08-03','2024-08-03',74349,'adminRequisition@gmail.com',1,'admin@123','2025-08-03','2025-08-03','admin'),(21,'storeManager','system','system','2024-08-03','2024-08-03',74349,'storeManager@gmail.com',23,'admin@123','2025-08-03','2025-08-03','storemanager');
/*!40000 ALTER TABLE `user_management` ENABLE KEYS */;
UNLOCK TABLES;
/*!40103 SET TIME_ZONE=@OLD_TIME_ZONE */;

/*!40101 SET SQL_MODE=@OLD_SQL_MODE */;
/*!40014 SET FOREIGN_KEY_CHECKS=@OLD_FOREIGN_KEY_CHECKS */;
/*!40014 SET UNIQUE_CHECKS=@OLD_UNIQUE_CHECKS */;
/*!40101 SET CHARACTER_SET_CLIENT=@OLD_CHARACTER_SET_CLIENT */;
/*!40101 SET CHARACTER_SET_RESULTS=@OLD_CHARACTER_SET_RESULTS */;
/*!40101 SET COLLATION_CONNECTION=@OLD_COLLATION_CONNECTION */;
/*!40111 SET SQL_NOTES=@OLD_SQL_NOTES */;

-- Dump completed on 2024-08-20  0:16:20
